time_s,segment,solver_dt_s,ggg_Tavg_K,cold_stage_Tavg_K,sample_Tavg_K,support_1_heat_leak_W,support_2_heat_leak_W,switch_heat_flow_W,newton_iterations,trajectory_validation_state
0.0,0,0.00025,1.0935592692383362,4.0,4.0,0.0,0.0,0.0,0,VALIDATED_BASELINE
0.00025,0,0.00025,1.089808370800288,3.950337129174415,3.962824501038433,-1.673348836028219e-05,5.9430673798756324e-05,0.010594326757347531,5,VALIDATED_BASELINE
0.0005,0,0.00025,1.0887783407845968,3.8774885517334705,3.898664848290986,-1.777201191569753e-05,0.00010100235135566,0.006205822402156839,4,VALIDATED_BASELINE
0.00075,0,0.00025,1.0887210262374827,3.797971770293229,3.822563109057787,-8.424131907719124e-06,0.00012158313789997951,0.003391193304221194,4,VALIDATED_BASELINE
0.001,0,0.00025,1.0890754936147926,3.717394100579376,3.7426558716173486,4.792245387609011e-06,0.0001327167341395438,0.0020658057665673716,4,VALIDATED_BASELINE
0.00125,0,0.00025,1.0896201571422968,3.637433975679948,3.662296294672529,1.884690096389729e-05,0.00014033985991210085,0.0014018370034207693,4,VALIDATED_BASELINE
0.0015,0,0.00025,1.0902512338585517,3.5586164274510783,3.5827219372250596,3.259383908815637e-05,0.00014652946639587822,0.0010323906681371652,4,VALIDATED_BASELINE
0.00175,0,0.00025,1.090909147809046,3.4811418009331057,3.5043874404345825,4.565154016280852e-05,0.00015193034627343434,0.0008078081532848353,4,VALIDATED_BASELINE
0.002,0,0.00025,1.0915589181644807,3.4051162683336673,3.427482283984415,5.790963477545845e-05,0.00015674094165597845,0.0006611608651128002,4,VALIDATED_BASELINE
0.0022500000000000003,0,0.00025,1.0921789914755213,3.330615000258123,3.3521082239600317,6.934522406585663e-05,0.000161028002022155,0.0005597276589859075,4,VALIDATED_BASELINE
0.0025,0,0.00025,1.0927615205000392,3.257699484736408,3.278335672971624,7.997647829504925e-05,0.00016483785237756402,0.0004861791471871893,4,VALIDATED_BASELINE
0.00275,0,0.00025,1.0933045672210675,3.186421665781837,3.206220251541074,8.982904261853408e-05,0.00016820341097775732,0.0004310662912364194,5,VALIDATED_BASELINE
0.003,0,0.00025,1.093811723120171,3.1168243618920997,3.1358069547950858,9.893157714546085e-05,0.00017115389864880826,0.0003887108639264825,4,VALIDATED_BASELINE
0.0032500000000000003,0,0.00025,1.0942838974119569,3.048942545086324,3.0671321641385076,0.00010744249590077946,0.00017371687876066428,0.00035545522945880045,4,VALIDATED_BASELINE
0.0035,0,0.00025,1.0947208606255705,2.982803247674882,3.000223994115548,0.0001153196715808932,0.00017592008774287946,0.0003288736817557215,5,VALIDATED_BASELINE
0.00375,0,0.00025,1.0951319666444428,2.9184238525961352,2.935100974135994,0.0001223334260213437,0.00017779119298255925,0.000307339974395574,6,VALIDATED_BASELINE
0.004,0,0.00025,1.095520323772817,2.8558157602856156,2.8717748940633068,0.00012870974002335162,0.00017949027717579895,0.00028964018746364115,5,VALIDATED_BASELINE
0.00425,0,0.00025,1.0958842604299792,2.79499022145427,2.810256308461846,0.00013513010179365474,0.00018216392627583232,0.0002749447104596238,5,VALIDATED_BASELINE
0.0045000000000000005,0,0.00025,1.0962227283128068,2.7359468276380015,2.75054549868464,0.00014071157614808705,0.00018443872842807137,0.000262620321600639,4,VALIDATED_BASELINE
0.00475,0,0.00025,1.0965352414395901,2.6786807163824697,2.692637315833865,0.00014552075713571123,0.00018626178793975127,0.00025218678268598737,4,VALIDATED_BASELINE
0.005,0,0.00025,1.0968247701375322,2.6231837187611973,2.6365230409598523,0.00014982611579147318,0.0001878441716487261,0.00024328427146123776,5,VALIDATED_BASELINE
0.00525,0,0.00025,1.0970952796564564,2.5694430815114164,2.582189529222256,0.0001536713314725294,0.00018929204522942755,0.00023563386042196982,5,VALIDATED_BASELINE
0.0055,0,0.00025,1.0973469744151096,2.5174407682208217,2.529618411989909,0.0001569070043141121,0.0001903852241175225,0.00022901599013128195,5,VALIDATED_BASELINE
0.00575,0,0.00025,1.0975811715021584,2.467155751271244,2.4787879905879375,0.00015958323838639947,0.00019112156022755262,0.00022325803517299464,5,VALIDATED_BASELINE
0.006,0,0.00025,1.0977985965007258,2.4185646557596763,2.4296740999535205,0.0001617485837310839,0.00019159689566771042,0.00021821709593841662,5,VALIDATED_BASELINE
0.00625,0,0.00025,1.0979997992193553,2.3716414503345673,2.3822499808486364,0.00016345984409747496,0.00019175437809627205,0.00021378379419377267,5,VALIDATED_BASELINE
0.006500000000000001,0,0.00025,1.0981851601879997,2.3263582854961924,2.336486981809802,0.000164787463900382,0.00019165560049544186,0.00020986981647599216,5,VALIDATED_BASELINE
0.00675,0,0.00025,1.0983554516580212,2.2826852425850164,2.292354445196482,0.00016573596574403728,0.00019134670578228413,0.00020640111890617914,5,VALIDATED_BASELINE
0.007,0,0.00025,1.0985109663635755,2.2405905815789326,2.249819897697523,0.00016635234886614052,0.0001908155927425865,0.00020331442881884286,5,VALIDATED_BASELINE
0.00725,0,0.00025,1.0986520537759017,2.2000411579302614,2.2088494483551337,0.00016666698982700733,0.00019009825089206858,0.0002005578992133658,5,VALIDATED_BASELINE
0.0075,0,0.00025,1.0987793905837582,2.1610024447794043,2.1694078624188693,0.00016670499059095737,0.0001892012921710115,0.00019808968646844023,5,VALIDATED_BASELINE
0.00775,0,0.00025,1.098894323632409,2.123438872953239,2.1314588671005232,0.00016651316521471566,0.00018814769681256192,0.00019587427006370888,6,VALIDATED_BASELINE
0.008,0,0.00025,1.0989974451079938,2.087313979091087,2.0949653205616894,0.00016613295184057897,0.00018695870925836768,0.00019387796830924462,6,VALIDATED_BASELINE
0.00825,0,0.00025,1.0990903120617361,2.052590327324653,2.0598891613540675,0.0001655506981763021,0.0001856540076930928,0.00019207521913803006,5,VALIDATED_BASELINE
0.0085,0,0.00025,1.0991737930526266,2.0192297942436,2.0261916535249256,0.00016479895208830136,0.00018425500169309722,0.00019044372946726916,4,VALIDATED_BASELINE
0.00875,0,0.00025,1.0992487849851653,1.9871939083717194,1.9938337188374573,0.00016389455878796134,0.00018282514655518914,0.00018896415481420775,4,VALIDATED_BASELINE
0.009000000000000001,0,0.00025,1.0993165004380085,1.9564432996417995,1.9627754799708232,0.00016285912802233804,0.00018132663390632998,0.00018762007610043682,5,VALIDATED_BASELINE
0.00925,0,0.00025,1.099377538690253,1.926938174377172,1.9329766234153236,0.00016170546645273394,0.00017977678692960065,0.00018639643106346256,5,VALIDATED_BASELINE
0.0095,0,0.00025,1.0994322356236084,1.898638437520095,1.9043965488906038,0.00016044873562893878,0.00017817900339537506,0.00018528067992660887,5,VALIDATED_BASELINE
0.00975,0,0.00025,1.099481189441506,1.8715039151621808,1.8769945803126948,0.00015910520567757652,0.0001765432201288635,0.00018426260483692109,4,VALIDATED_BASELINE
0.01,0,0.00025,1.099524907464517,1.8454945002314962,1.8507301184025884,0.00015768698225290096,0.00017488068221824878,0.00018333244329167496,4,VALIDATED_BASELINE
0.01025,0,0.00025,1.0995637979596653,1.8205703197172827,1.8255628034439506,0.00015620671058155002,0.000173196616924193,0.00018247929077378226,6,VALIDATED_BASELINE
0.0105,0,0.00025,1.0995982517772258,1.7966918910570164,1.8014526719272939,0.0001546758784671848,0.00017149819489637626,0.00018169553308484656,5,VALIDATED_BASELINE
0.010750000000000001,0,0.00025,1.099628680399535,1.7738202170269677,1.7783602604571596,0.00015310487573773438,0.00016979334037151077,0.00018097440948973583,5,VALIDATED_BASELINE
0.011,0,0.00025,1.0996552640662973,1.7519168516144428,1.756246674978466,0.0001515046267601846,0.00016808768264606173,0.00018030985530183811,5,VALIDATED_BASELINE
0.01125,0,0.00025,1.0996784687372885,1.7309439670215356,1.7350736556877568,0.00014988180748722846,0.0001663861099551498,0.00017969696106628476,6,VALIDATED_BASELINE
0.0115,0,0.00025,1.0996988346380823,1.7108644808949474,1.7148036935721942,0.00014824431450536146,0.00016469312358125625,0.00017913027956750928,4,VALIDATED_BASELINE
0.01175,0,0.00025,1.0997164752609012,1.6916421097026895,1.695400092604155,0.0001465992600802869,0.00016301476665896427,0.00017860552078043993,4,VALIDATED_BASELINE
0.012,0,0.00025,1.0997314946561567,1.6732414117499517,1.6768270131034444,0.00014495519189813456,0.00016135223435038423,0.00017811926067962827,5,VALIDATED_BASELINE
0.01225,0,0.00025,1.0997439883060947,1.655627845689714,1.659049527121277,0.00014331835766131005,0.00015970794629020202,0.00017766851151188495,5,VALIDATED_BASELINE
0.0125,0,0.00025,1.0997540992103152,1.6387678174768627,1.6420336646656135,0.0001416923439436897,0.00015808423770593383,0.00017724995948964207,5,VALIDATED_BASELINE
0.012750000000000001,0,0.00025,1.0997620841180034,1.6226287248215587,1.6257464575179041,0.0001400808449257603,0.00015648305332400774,0.00017686110631668568,4,VALIDATED_BASELINE
0.013000000000000001,0,0.00025,1.0997680495950852,1.6071789884126526,1.6101559718114506,0.0001384881702139846,0.00015490611079626307,0.00017649936047691914,6,VALIDATED_BASELINE
0.01325,0,0.00025,1.099772206222692,1.592388101528959,1.5952313526247766,0.00013691668336444224,0.00015335529556046473,0.00017616208382979242,6,VALIDATED_BASELINE
0.0135,0,0.00025,1.0997746690896237,1.5782264905716665,1.580942706275205,0.0001353567255438644,0.00015183118754579812,0.00017584755075754778,5,VALIDATED_BASELINE
0.01375,0,0.00025,1.0997755171612236,1.5646657834061508,1.5672613263244322,0.0001338277648127054,0.00015033460921171977,0.00017555413766982367,5,VALIDATED_BASELINE
0.014,0,0.00025,1.0997749765257427,1.551678713949736,1.554159632979792,0.0001323360272607293,0.00014886695515570908,0.00017527999857640752,5,VALIDATED_BASELINE
0.01425,0,0.00025,1.0997731566194733,1.5392390661802309,1.5416111143660154,0.00013088121597646266,0.0001474287838377594,0.00017502331954300082,4,VALIDATED_BASELINE
0.0145,0,0.00025,1.0997700850272942,1.527321643055522,1.5295902927346243,0.00012946289048039307,0.00014601953326928718,0.00017478290882420514,5,VALIDATED_BASELINE
0.014750000000000001,0,0.00025,1.0997658716745338,1.515902274527483,1.518072726153261,0.0001280805217901775,0.00014463974626257944,0.00017455766482569058,5,VALIDATED_BASELINE
0.015,0,0.00025,1.0997606478995237,1.5049578175882081,1.507035007845346,0.00012673350937943004,0.00014328917123640828,0.000174346536106023,5,VALIDATED_BASELINE
0.01525,0,0.00025,1.0997544562169976,1.494466115167479,1.496454730840746,0.00012542131207164017,0.0001419672362232254,0.00017414855135866435,6,VALIDATED_BASELINE
0.0155,0,0.00025,1.0997475009109023,1.4844059857343699,1.4863104732172168,0.00012414386036784254,0.00014067360163535868,0.00017396295105949562,5,VALIDATED_BASELINE
0.01575,0,0.00025,1.0997398868627888,1.4747571716664216,1.4765817512986674,0.00012289990034689498,0.00013940787232805848,0.00017378878473299505,4,VALIDATED_BASELINE
0.016,0,0.00025,1.0997316611359227,1.465500314832813,1.4672489915896993,0.00012168880643333916,0.00013817017315912334,0.00017362526592554822,5,VALIDATED_BASELINE
0.01625,0,0.00025,1.0997229065377294,1.4566169150808956,1.4582934899935422,0.00012051020265668169,0.00013695821241536694,0.000173471749343442,6,VALIDATED_BASELINE
0.0165,0,0.00025,1.0997137843049845,1.448089325789781,1.4496974035049857,0.00011936334350919177,0.00013577265047768554,0.00017332770411554243,6,VALIDATED_BASELINE
0.01675,0,0.00025,1.0997042932421581,1.4399007235308101,1.44144372139174,0.00011824735930460519,0.00013461382693310598,0.0001731923599972142,4,VALIDATED_BASELINE
0.017,0,0.00025,1.099694457030961,1.432035061115024,1.4335162196710942,0.00011716179951186645,0.00013347887079807945,0.00017306516375357987,5,VALIDATED_BASELINE
0.01725,0,0.00025,1.0996843845789133,1.4244770814581116,1.4258994686902717,0.00011610567602342649,0.0001323702222383504,0.00017294558689944764,6,VALIDATED_BASELINE
0.0175,0,0.00025,1.0996741907962446,1.417212273525968,1.4185787939984154,0.00011507813625940626,0.0001312876224260353,0.0001728332659301957,5,VALIDATED_BASELINE
0.017750000000000002,0,0.00025,1.099663867846512,1.41022682206177,1.4115402274135067,0.00011407824683144257,0.00013023014515721495,0.00017272762029445617,5,VALIDATED_BASELINE
0.018000000000000002,0,0.00025,1.0996534071816602,1.4035075843067966,1.4047704809430013,0.00011310519097736681,0.00012919707252628432,0.00017262821008544692,5,VALIDATED_BASELINE
0.01825,0,0.00025,1.0996427997717662,1.397042063492129,1.3982569197969514,0.00011215815899334538,0.00012818804179118287,0.00017253464379398732,5,VALIDATED_BASELINE
0.0185,0,0.00025,1.099632056273862,1.3908183755785695,1.3919875296773965,0.00011123638946667623,0.00012720205388921368,0.00017244656388123758,5,VALIDATED_BASELINE
0.01875,0,0.00025,1.099621214735684,1.384825221304437,1.3859508881010756,0.00011033905042674508,0.00012623845755538565,0.00017236363932340146,6,VALIDATED_BASELINE
0.019,0,0.00025,1.099610265599814,1.3790518655939294,1.3801361424915748,0.00010946535295976523,0.00012529692065375728,0.00017228557482826482,4,VALIDATED_BASELINE
0.01925,0,0.00025,1.099599202407294,1.3734881570411444,1.3745330255572084,0.00010861936996997258,0.00012437656865562385,0.0001722120904025106,4,VALIDATED_BASELINE
0.0195,0,0.00025,1.0995880237816236,1.368124411868634,1.3691317524117275,0.00010779790503166754,0.0001234766372007598,0.00017214292356444456,6,VALIDATED_BASELINE
0.01975,0,0.00025,1.099576720012838,1.362951421838802,1.363923016561474,0.00010699897859379699,0.0001225965050169118,0.00017207783079625482,5,VALIDATED_BASELINE
0.02,0,0.00025,1.0995652813461867,1.357960449174885,1.3588979850777874,0.00010622187600823423,0.00012173554346687914,0.00017201658480210693,5,VALIDATED_BASELINE
0.02025,0,0.00025,1.0995536980218872,1.3531431961489848,1.3540482707059323,0.00010546539091979653,0.00012089314833352549,0.00017195897474146788,4,VALIDATED_BASELINE
0.0205,0,0.00025,1.0995419601970908,1.3484917853904388,1.349365911255795,0.00010472856378283571,0.00012006873517616558,0.00017190480056224536,5,VALIDATED_BASELINE
0.02075,0,0.00025,1.0995300988755976,1.343998745741974,1.3448433543200486,0.00010401051453482764,0.00011926174339373586,0.0001718538783835416,4,VALIDATED_BASELINE
0.021,0,0.00025,1.099518150651162,1.3396569885531076,1.340473434736303,0.00010331043100680918,0.00011847163562971257,0.0001718060368373292,5,VALIDATED_BASELINE
0.02125,0,0.00025,1.0995061029656141,1.3354597838508782,1.336249351026543,0.00010262755884791741,0.00011769794944594113,0.00017176111686289424,5,VALIDATED_BASELINE
0.021500000000000002,0,0.00025,1.0994939761110956,1.3314007438644464,1.3321646476647515,0.000101961194627523,0.0001169401922166382,0.00017171897025404666,5,VALIDATED_BASELINE
0.021750000000000002,0,0.00025,1.099481761736131,1.327473803559317,1.3282131958204526,0.00010131066501463653,0.00011619786299086555,0.00017167944972266153,5,VALIDATED_BASELINE
0.022,0,0.00025,1.0994694523908715,1.3236731932880523,1.3243891668791352,0.00010067534371937026,0.00011546991049732325,0.00017164242796185634,5,VALIDATED_BASELINE
0.02225,0,0.00025,1.099457048342255,1.3199934282849501,1.3206870199532497,0.00010005476564322451,0.00011475563719236229,0.00017160778266389414,6,VALIDATED_BASELINE
0.0225,0,0.00025,1.0994445535450044,1.3164293064300845,1.3171014986595633,9.944836163602938e-05,0.00011405578585170435,0.00017157539188401207,5,VALIDATED_BASELINE
0.02275,0,0.00025,1.099432022063123,1.312975885483134,1.3136276101308013,9.885572636996731e-05,0.00011337010586534455,0.0001715451671231469,5,VALIDATED_BASELINE
0.023,0,0.00025,1.0994194560306534,1.3096284689447721,1.3102606100958607,9.827635863152486e-05,0.00011269817888451844,0.0001715169942519765,5,VALIDATED_BASELINE
0.02325,0,0.00025,1.0994068745042358,1.3063825959990745,1.3069959921158183,9.77097826279315e-05,0.00011203926133896832,0.00017149076640525716,6,VALIDATED_BASELINE
0.0235,0,0.00025,1.0993942849121923,1.30323403221144,1.3038294781762358,9.715554242911057e-05,0.00011139304941472829,0.00017146638868032667,5,VALIDATED_BASELINE
0.02375,0,0.00025,1.0993816866531811,1.3001787552470006,1.3007570050874468,9.661320637825069e-05,0.00011075935825498414,0.0001714437718942606,5,VALIDATED_BASELINE
0.024,0,0.00025,1.099369076969537,1.2972129414611064,1.2977747109540083,9.608236313432206e-05,0.00011013783670398792,0.00017142283974228467,5,VALIDATED_BASELINE
0.02425,0,0.00025,1.0993564740190376,1.2943329542705704,1.2948789232698568,9.556262356320386e-05,0.00010952815440500247,0.00017140351320488168,5,VALIDATED_BASELINE
0.0245,0,0.00025,1.0993438821946107,1.2915353337645226,1.2920661482786666,9.505360810916875e-05,0.0001089299741775318,0.00017138571694452908,5,VALIDATED_BASELINE
0.02475,0,0.00025,1.099331306975428,1.2888167873040046,1.2893330613695275,9.455495359597176e-05,0.00010834294751151207,0.00017136938028733688,5,VALIDATED_BASELINE
0.025,0,0.00025,1.099318752298415,1.2861741802132782,1.286676497729436,9.4066312514892e-05,0.00010776677245802482,0.00017135442885307694,5,VALIDATED_BASELINE
0.02525,0,0.00025,1.0993062088592442,1.2836045285384396,1.2840934447830203,9.358735586115793e-05,0.00010720124916562613,0.00017134080455660382,5,VALIDATED_BASELINE
0.025500000000000002,0,0.00025,1.0992936659047767,1.2811049887625385,1.2815810321894474,9.311767692516181e-05,0.00010664607754248087,0.000171328459770853,5,VALIDATED_BASELINE
0.025750000000000002,0,0.00025,1.0992811324842815,1.2786728559023135,1.279136528923803,9.265717477777598e-05,0.00010610091175104634,0.00017131734077110707,5,VALIDATED_BASELINE
0.026000000000000002,0,0.00025,1.0992686095044775,1.2763055536423717,1.2767573343033907,9.220554370576845e-05,0.00010556550275057463,0.0001713074002520679,5,VALIDATED_BASELINE
0.02625,0,0.00025,1.0992560898454409,1.2740006270951594,1.2744409704877544,9.176249238251405e-05,0.00010503973037893373,0.00017129856647828416,5,VALIDATED_BASELINE
0.0265,0,0.00025,1.0992435943071723,1.2717557354325695,1.272185075086207,9.13277446043675e-05,0.00010452333746772022,0.00017129079393161405,5,VALIDATED_BASELINE
0.02675,0,0.00025,1.0992311837306363,1.2695686441802627,1.2699873934198131,9.090092464443245e-05,0.00010401605860903414,0.00017128401530525073,6,VALIDATED_BASELINE
0.027,0,0.00025,1.0992188694477183,1.2674372193377963,1.2678457724166743,9.04816574472703e-05,0.00010351763621687557,0.00017127823080740934,6,VALIDATED_BASELINE
0.02725,0,0.00025,1.099206640538607,1.265359426878076,1.2657581595423009,9.006996096741408e-05,0.00010302782276907213,0.00017127339492509626,5,VALIDATED_BASELINE
0.0275,0,0.00025,1.0991944863549732,1.2633333240191142,1.2637225948280137,8.966563209980673e-05,0.00010254635520964283,0.00017126947230233238,5,VALIDATED_BASELINE
0.02775,0,0.00025,1.0991824003198636,1.2613570557589044,1.2617372069038153,8.92685674174367e-05,0.00010207302670975311,0.00017126643323374255,5,VALIDATED_BASELINE
0.028,0,0.00025,1.0991703754399926,1.25942884934672,1.2598002076091819,8.887855077989179e-05,0.00010160767810113001,0.00017126424457304613,5,VALIDATED_BASELINE
0.02825,0,0.00025,1.0991584019623288,1.2575470098787696,1.2579098874649381,8.849537767427254e-05,0.00010115009170606099,0.00017126286819680317,6,VALIDATED_BASELINE
0.0285,0,0.00025,1.099146470356622,1.2557099162027,1.2560646115138907,8.811883723586722e-05,0.00010070005751747414,0.0001712622658868152,6,VALIDATED_BASELINE
0.02875,0,0.00025,1.0991346054310491,1.2539160163483296,1.2542628147965327,8.774869332252957e-05,0.00010025737448024466,0.00017126239968500212,6,VALIDATED_BASELINE
0.029,0,0.00025,1.099122812706092,1.2521638260709833,1.2525030005356321,8.738485670059755e-05,9.982184712437109e-05,0.00017126324222539477,5,VALIDATED_BASELINE
0.02925,0,0.00025,1.099111107638989,1.2504519246166828,1.250783736138284,8.702715023432558e-05,9.939329724935451e-05,0.00017126475361199035,4,VALIDATED_BASELINE
0.029500000000000002,0,0.00025,1.0990994947240715,1.2487789511337821,1.2491036495587358,8.667536681980274e-05,9.897156745869247e-05,0.00017126691196059336,4,VALIDATED_BASELINE
0.029750000000000002,0,0.00025,1.0990879656601908,1.247143602100355,1.247461426614549,8.632934587410206e-05,9.855646597142689e-05,0.0001712696973937939,5,VALIDATED_BASELINE
0.03,0,0.00025,1.0990765114281114,1.2455446291789487,1.2458558087671354,8.598900442221648e-05,9.81478167400134e-05,0.00017127308334083117,5,VALIDATED_BASELINE
0.03025,0,0.00025,1.0990651241877136,1.2439808358895887,1.2442855899043619,8.565419157942579e-05,9.774546866047269e-05,0.00017127704366121191,4,VALIDATED_BASELINE
0.0305,0,0.00025,1.0990538060089576,1.2424510756523481,1.2427496142398597,8.532478790052888e-05,9.734928212917539e-05,0.00017128155211974187,6,VALIDATED_BASELINE
0.03075,0,0.00025,1.0990425485168398,1.2409542482278062,1.2412467729015986,8.500060997848361e-05,9.69591120001838e-05,0.00017128658633038194,6,VALIDATED_BASELINE
0.031,0,0.00025,1.0990313456109837,1.2394892977745144,1.2397760018037332,8.468151586372078e-05,9.65748189067238e-05,0.0001712921229603498,5,VALIDATED_BASELINE
0.03125,0,0.00025,1.0990202022710487,1.2380552104732583,1.2383362793381176,8.436737747204657e-05,9.619623197061179e-05,0.00017129813822637123,6,VALIDATED_BASELINE
0.0315,0,0.00025,1.0990091212577442,1.2366510130980757,1.2369266247939754,8.40580663923683e-05,9.582325728928723e-05,0.00017130461530898868,6,VALIDATED_BASELINE
0.03175,0,0.00025,1.098998096852571,1.23527577102543,1.2355460964176432,8.375345762813582e-05,9.545575886365663e-05,0.00017131153531768986,5,VALIDATED_BASELINE
0.032,0,0.00025,1.0989871217461253,1.2339285864744327,1.2341937896243111,8.345342992883449e-05,9.50936156574747e-05,0.0001713188797471079,5,VALIDATED_BASELINE
0.03225,0,0.00025,1.0989761887605514,1.2326085967921099,1.2328688352777568,8.315786565821928e-05,9.473670689793198e-05,0.00017132663085702582,5,VALIDATED_BASELINE
0.0325,0,0.00025,1.0989652908804908,1.2313149727962323,1.2315703980250923,8.286665081904766e-05,9.438489153554261e-05,0.0001713347717572387,5,VALIDATED_BASELINE
0.03275,0,0.00025,1.098954421241499,1.2300469172686583,1.2302976747614156,8.257967498498499e-05,9.403805224133894e-05,0.00017134328630959616,6,VALIDATED_BASELINE
0.033,0,0.00025,1.0989435731283859,1.2288036633457955,1.2290498930235811,8.229683137248588e-05,9.369606289866815e-05,0.00017135215905998106,5,VALIDATED_BASELINE
0.03325,0,0.00025,1.0989327399726583,1.2275844732278398,1.2278263096616056,8.201801707638151e-05,9.335882433693158e-05,0.00017136137511242918,6,VALIDATED_BASELINE
0.0335,0,0.00025,1.0989219153504977,1.2263886368393824,1.2266262094984506,8.174313213579184e-05,9.302622723219218e-05,0.0001713709206620263,6,VALIDATED_BASELINE
0.03375,0,0.00025,1.098911092983739,1.2252154705692693,1.2254489040565362,8.147207986789711e-05,9.269815398672234e-05,0.00017138078239501938,6,VALIDATED_BASELINE
0.034,0,0.00025,1.0989002667283843,1.2240643161624591,1.2242937304262926,8.120476674217752e-05,9.237450434161938e-05,0.00017139094762492414,6,VALIDATED_BASELINE
0.03425,0,0.00025,1.0988894305866148,1.222934539638878,1.2231600501761442,8.094110224744977e-05,9.205518116583876e-05,0.00017140140439728525,6,VALIDATED_BASELINE
0.0345,0,0.00025,1.0988785786918804,1.2218255297162666,1.2220472478212259,8.06809888155251e-05,9.174006287799393e-05,0.00017141214094071902,7,VALIDATED_BASELINE
0.03475,0,0.00025,1.098867726977945,1.2207366977736192,1.220954730612287,8.042435766317698e-05,9.142904862814011e-05,0.0001714231454410287,6,VALIDATED_BASELINE
0.035,0,0.00025,1.0988568715082352,1.2196674762259807,1.2198819270852472,8.017111122201973e-05,9.112204344454577e-05,0.00017143440762138075,6,VALIDATED_BASELINE
0.035250000000000004,0,0.00025,1.0988460108967335,1.2186173165119454,1.2188282850853847,7.992111630695798e-05,9.081895419814634e-05,0.00017144591773748092,6,VALIDATED_BASELINE
0.035500000000000004,0,0.00025,1.0988351439867237,1.217585691055886,1.2177932733426569,7.967444067429436e-05,9.051968971214947e-05,0.00017145766591394334,7,VALIDATED_BASELINE
0.035750000000000004,0,0.00025,1.0988242749062285,1.2165720893694734,1.2167763781120067,7.943091553064098e-05,9.02241630860966e-05,0.00017146963906074133,6,VALIDATED_BASELINE
0.036000000000000004,0,0.00025,1.0988134013639816,1.2155760203890238,1.2157771049192643,7.919060667206155e-05,8.993229048102392e-05,0.00017148183053559987,6,VALIDATED_BASELINE
0.03625,0,0.00025,1.0988025192297237,1.214597010075547,1.2147949765996493,7.895344454867153e-05,8.96439903313865e-05,0.00017149423280880864,6,VALIDATED_BASELINE
0.0365,0,0.00025,1.0987916475567119,1.2136346006216168,1.2138295323714448,7.871935062031275e-05,8.935918366548665e-05,0.00017150682951904,6,VALIDATED_BASELINE
0.03675,0,0.00025,1.0987807855184453,1.2126883496044751,1.2128803269888198,7.848821573706481e-05,8.907780476361918e-05,0.0001715196224557429,5,VALIDATED_BASELINE
0.037,0,0.00025,1.098769930297419,1.2117578296897078,1.2119469303645996,7.825999441741022e-05,8.879977885597383e-05,0.000171532604777195,5,VALIDATED_BASELINE
0.03725,0,0.00025,1.0987590795401536,1.2108426281204663,1.211028927095754,7.803462514107346e-05,8.852504356602279e-05,0.0001715457691657992,6,VALIDATED_BASELINE
0.0375,0,0.00025,1.0987482286876769,1.209942345656165,1.210125915437205,7.781205043892801e-05,8.825351856846207e-05,0.00017155910851347872,6,VALIDATED_BASELINE
0.03775,0,0.00025,1.0987373750844442,1.2090565961987023,1.2092375068814536,7.759221556592953e-05,8.798509874295331e-05,0.00017157261588063587,6,VALIDATED_BASELINE
0.038,0,0.00025,1.09872652152692,1.2081850063472148,1.2083633257204585,7.73750560464697e-05,8.771971958663991e-05,0.00017158628404749166,6,VALIDATED_BASELINE
0.03825,0,0.00025,1.0987156982788284,1.2073272152406538,1.2075030088390923,7.716050947968755e-05,8.745740775546633e-05,0.00017160009754157854,6,VALIDATED_BASELINE
0.0385,0,0.00025,1.098704915743702,1.2064828735236235,1.2066562047715303,7.694851569797936e-05,8.7198093337162e-05,0.00017161405702000016,6,VALIDATED_BASELINE
0.03875,0,0.00025,1.0986941696336083,1.2056516429108621,1.205822573199491,7.673901658145436e-05,8.694168368844746e-05,0.00017162816156290385,6,VALIDATED_BASELINE
0.039,0,0.00025,1.0986834748728975,1.2048331958380818,1.2050017845909873,7.653195794162184e-05,8.66880910518103e-05,0.000171642401466368,6,VALIDATED_BASELINE
0.03925,0,0.00025,1.0986728463609348,1.204027215985304,1.2041935206367784,7.632730008843059e-05,8.643733465993445e-05,0.00017165676771816715,6,VALIDATED_BASELINE
0.0395,0,0.00025,1.098662289028828,1.2032333968546545,1.2033974730182069,7.612497532546154e-05,8.618935254469408e-05,0.00017167125526966863,6,VALIDATED_BASELINE
0.03975,0,0.00025,1.098651799394259,1.2024514416497296,1.2026133431714323,7.592493198975722e-05,8.594408539825753e-05,0.00017168587052502542,6,VALIDATED_BASELINE
0.04,0,0.00025,1.0986413768867487,1.2016810628909882,1.2018408419182562,7.572712005987384e-05,8.570147605016545e-05,0.00017170060851595217,6,VALIDATED_BASELINE
0.04025,0,0.00025,1.0986310186291341,1.2009219820978525,1.201079689139336,7.55314910444614e-05,8.546146943291806e-05,0.00017171546344278403,6,VALIDATED_BASELINE
0.0405,0,0.00025,1.0986207235470369,1.2001739294608338,1.2003296134463073,7.533799794394444e-05,8.522401247638148e-05,0.00017173042990321926,6,VALIDATED_BASELINE
0.04075,0,0.00025,1.0986104940247396,1.1994366435489818,1.1995903518838646,7.514659521405783e-05,8.498905394102567e-05,0.00017174550221558038,6,VALIDATED_BASELINE
0.041,0,0.00025,1.0986003327916778,1.1987098707520776,1.1988616494109021,7.495723874776919e-05,8.475654438093829e-05,0.0001717606752336212,6,VALIDATED_BASELINE
0.04125,0,0.00025,1.0985902362573765,1.197993365153025,1.19814325871384,7.476988574895412e-05,8.452643592756554e-05,0.0001717759441127034,6,VALIDATED_BASELINE
0.0415,0,0.00025,1.0985802011406767,1.197286888314015,1.1974349399970163,7.458449475107257e-05,8.429868205614022e-05,0.00017179130427901542,6,VALIDATED_BASELINE
0.04175,0,0.00025,1.0985702252513077,1.1965902090282485,1.196736460740398,7.440102575152263e-05,8.407323816885326e-05,0.00017180675133321292,6,VALIDATED_BASELINE
0.042,0,0.00025,1.0985603051618744,1.1959031030562504,1.1960475954384835,7.421943983561776e-05,8.385006118869217e-05,0.00017182228078385263,6,VALIDATED_BASELINE
0.04225,0,0.00025,1.0985504374941564,1.1952253525362142,1.1953681250459205,7.403969941812877e-05,8.362906687479679e-05,0.00017183788833445533,6,VALIDATED_BASELINE
0.0425,0,0.00025,1.0985406197822163,1.194556746485275,1.1946978373608539,7.386176841854473e-05,8.341026369396543e-05,0.00017185356974187444,6,VALIDATED_BASELINE
0.04275,0,0.00025,1.0985308506354994,1.1938970802370763,1.1940365265698578,7.36856114558734e-05,8.319361801353153e-05,0.00017186932161261217,6,VALIDATED_BASELINE
0.043000000000000003,0,0.00025,1.0985211269724757,1.193246155147019,1.1933839929334724,7.351119428444473e-05,8.297908981811626e-05,0.00017188514021686146,6,VALIDATED_BASELINE
0.043250000000000004,0,0.00025,1.0985114458406817,1.1926037783821837,1.192740042564045,7.33384840782744e-05,8.27666402339916e-05,0.0001719010219443688,6,VALIDATED_BASELINE
0.043500000000000004,0,0.00025,1.0985018041545473,1.1919697627114612,1.192104487213749,7.316744850122153e-05,8.255623132104118e-05,0.0001719169632474178,6,VALIDATED_BASELINE
0.043750000000000004,0,0.00025,1.0984922007559268,1.1913439263369343,1.1914771441002083,7.299805644592172e-05,8.23478264760805e-05,0.0001719329608016773,6,VALIDATED_BASELINE
0.044,0,0.00025,1.0984826329909445,1.1907260924306515,1.190857835472527,7.28302771611003e-05,8.214136734352701e-05,0.0001719490113316805,6,VALIDATED_BASELINE
0.04425,0,0.00025,1.0984731020434442,1.1901160892752827,1.1902463886965962,7.266408072491126e-05,8.193683381533567e-05,0.00017196511158118873,6,VALIDATED_BASELINE
0.0445,0,0.00025,1.0984636097007725,1.1895137501424071,1.1896426361542929,7.249943801621404e-05,8.173421324430027e-05,0.00017198125853303236,6,VALIDATED_BASELINE
0.04475,0,0.00025,1.0984541531080747,1.1889189129898672,1.189046414953639,7.233632075404935e-05,8.153347144591641e-05,0.00017199744936569495,6,VALIDATED_BASELINE
0.045,0,0.00025,1.0984447293928081,1.1883314203157316,1.188457566769036,7.217470139302488e-05,8.133457276853043e-05,0.00017201368119090554,6,VALIDATED_BASELINE
0.04525,0,0.00025,1.0984353357412453,1.1877511189054921,1.1878759375998766,7.201455324156548e-05,8.113746496031522e-05,0.00017202995130246172,6,VALIDATED_BASELINE
0.0455,0,0.00025,1.098425969438628,1.1871778599178637,1.187301377821794,7.185585426950643e-05,8.094212727137843e-05,0.00017204625690954762,5,VALIDATED_BASELINE
0.04575,0,0.00025,1.0984166383700755,1.1866114986308383,1.1867337419655128,7.169856601326912e-05,8.074855713837188e-05,0.00017206259309210156,5,VALIDATED_BASELINE
0.046,0,0.00025,1.0984073492913624,1.1860518943091432,1.18617288857313,7.154266677087044e-05,8.055672369738675e-05,0.00017207895909311833,5,VALIDATED_BASELINE
0.04625,0,0.00025,1.09839809989796,1.185498910091871,1.1856186800822115,7.138813964872415e-05,8.036659676658403e-05,0.00017209535350748057,6,VALIDATED_BASELINE
0.0465,0,0.00025,1.0983888938624176,1.1849524126212672,1.1850709824816479,7.123495289853168e-05,8.017814699343036e-05,0.00017211177460795928,4,VALIDATED_BASELINE
0.04675,0,0.00025,1.0983797344061164,1.1844122722220716,1.1845296654394135,7.108309261189134e-05,7.999134564845712e-05,0.00017212822019711647,4,VALIDATED_BASELINE
0.047,0,0.00025,1.0983706192048053,1.18387836308975,1.1839946024813228,7.093257064702789e-05,7.980616466327416e-05,0.00017214468784487573,5,VALIDATED_BASELINE
0.04725,0,0.00025,1.09836155449312,1.1833505626691179,1.183465670454159,7.078335858043138e-05,7.962257687734078e-05,0.000172161174840483,4,VALIDATED_BASELINE
0.0475,0,0.00025,1.098352548476339,1.1828287516611076,1.182942749471572,7.063543625352722e-05,7.944055653724314e-05,0.00017217768006435057,4,VALIDATED_BASELINE
0.04775,0,0.00025,1.0983435989586192,1.1823128138648382,1.1824257227685055,7.04887829422159e-05,7.926007425725842e-05,0.00017219420239263656,5,VALIDATED_BASELINE
0.048,0,0.00025,1.0983347037758964,1.181802635677601,1.181914476233036,7.03433770530238e-05,7.908107389154487e-05,0.00017221073904101635,4,VALIDATED_BASELINE
0.04825,0,0.00025,1.0983258607866495,1.1812981070139592,1.1814088991981282,7.019919740202917e-05,7.890358030598572e-05,0.0001722272884228337,5,VALIDATED_BASELINE
0.0485,0,0.00025,1.0983170678757521,1.180799120589938,1.1809088838665684,7.005622341001825e-05,7.872756799156744e-05,0.00017224384908799526,5,VALIDATED_BASELINE
0.04875,0,0.00025,1.098308322955396,1.180305571619627,1.180414324983034,6.991443507926103e-05,7.855298635522581e-05,0.00017226041967110546,5,VALIDATED_BASELINE
0.049,0,0.00025,1.0982996255989064,1.1798173580984768,1.1799251200495824,6.9773812820383e-05,7.837982752917863e-05,0.0001722769983901763,5,VALIDATED_BASELINE
0.04925,0,0.00025,1.0982909745426632,1.1793343807649244,1.1794411693181304,6.963433748578505e-05,7.820808942881511e-05,0.00017229358366923893,5,VALIDATED_BASELINE
0.0495,0,0.00025,1.0982823678139908,1.178856542737421,1.1789623754635925,6.949599042116111e-05,7.80377446921976e-05,0.00017231017447967548,6,VALIDATED_BASELINE
0.04975,0,0.00025,1.0982738034268016,1.178383749590279,1.1784886436215491,6.935875340013035e-05,7.78687705677831e-05,0.00017232676819984086,6,VALIDATED_BASELINE
0.05,0,0.00025,1.0982652821837726,1.1779159092340512,1.1780198812807166,6.922260748425833e-05,7.770114565644828e-05,0.00017234336327098712,6,VALIDATED_BASELINE
0.07500000000000001,1,0.025,1.0976765714097785,1.1513809377629411,1.1514460935905286,6.038434218323226e-05,6.69136209081631e-05,0.00017370808384796065,5,VALIDATED
0.1,1,0.025,1.0972791033327383,1.1342188947574061,1.1342654212670187,5.426847984708265e-05,5.958066652242869e-05,0.00017487338112310568,4,VALIDATED
0.125,1,0.025,1.0969968458708552,1.1220474546582517,1.1220836404359202,4.974334620512375e-05,5.425410188300515e-05,0.0001758484530242221,3,VALIDATED
0.15000000000000002,1,0.025,1.0967916218736,1.112852299914797,1.112882050189635,4.6229847689174884e-05,5.018331154453021e-05,0.00017666503483738694,3,VALIDATED
0.175,1,0.025,1.0966417040919372,1.105591014437409,1.1056164062801643,4.3400487168878275e-05,4.695510704395171e-05,0.0001773556460364144,3,VALIDATED
0.2,1,0.025,1.0965332368827183,1.0996737910176835,1.0996960349194222,4.105940694113384e-05,4.432188757472065e-05,0.00017794789297330104,3,VALIDATED
0.22500000000000003,1,0.025,1.0964566137215794,1.0947455186510722,1.0947653669158308,3.90808774361956e-05,4.2124062424295413e-05,0.00017846184559430132,3,VALIDATED
0.25,1,0.025,1.096404730125502,1.0905815930161724,1.090599537742608,3.738084460384993e-05,4.025492214895998e-05,0.00017891235179467652,3,VALIDATED
0.275,1,0.025,1.096372166123983,1.0870342196249687,1.0870505962717,3.59001189734583e-05,3.864004367273082e-05,0.00017931057071220697,3,VALIDATED
0.3,1,0.025,1.096354725547952,1.0840022213785936,1.0840172677768798,3.459624064708125e-05,3.722573608840591e-05,0.00017966503105202813,3,VALIDATED
0.325,1,0.025,1.096349137650879,1.081413167427093,1.0814270593251956,3.343732956522499e-05,3.5973079362637606e-05,0.0001799823799481782,3,VALIDATED
0.35000000000000003,1,0.025,1.0963528465972312,1.079212461158658,1.0792253342677127,3.239912604159557e-05,3.48532988910299e-05,0.00018026789764817382,3,VALIDATED
0.375,1,0.025,1.0963638545019292,1.077356637893684,1.0773686016509512,3.1462415771804915e-05,3.3844355217401246e-05,0.00018052585529764622,3,VALIDATED
0.4,1,0.025,1.0963805997246696,1.075809296231965,1.0758204423962023,3.0612017941903664e-05,3.292915435103898e-05,0.00018075976536014837,3,VALIDATED
0.425,1,0.025,1.096401862624537,1.0745386858032995,1.074549093809369,2.9835800819007568e-05,3.209413116592949e-05,0.00018097255873602612,3,VALIDATED
0.45,1,0.025,1.0964266914443264,1.0735162964915663,1.0735260367273982,2.912373671268816e-05,3.13282735894753e-05,0.00018116671173474026,3,VALIDATED
0.47500000000000003,1,0.025,1.0964543439560617,1.0727160817031274,1.0727252175141597,2.846763870684973e-05,3.0622574618075716e-05,0.00018134433856563113,3,VALIDATED
0.5,1,0.025,1.096484241443704,1.0721140431489853,1.0721226320747013,2.7860734236517015e-05,2.996958572016952e-05,0.00018150725992458513,3,VALIDATED
0.6,2,0.1,1.0966239671095244,1.071742283195988,1.0717493415192774,2.5953834260358753e-05,2.7914400819985083e-05,0.00018199633295363604,3,VALIDATED
0.7,2,0.1,1.0967738800049516,1.0726172278067594,1.0726232228492218,2.441668122486023e-05,2.6256359311425842e-05,0.0001823730261835447,3,VALIDATED
0.8,2,0.1,1.0969294708751283,1.074201599745067,1.0742068564375866,2.314599829585949e-05,2.488519101350402e-05,0.00018266947179389401,3,VALIDATED
0.9,2,0.1,1.0970885445499956,1.0761409851068313,1.0761457269011776,2.207349544047671e-05,2.3727804633385703e-05,0.00018290730449615046,3,VALIDATED
1.0,2,0.1,1.0972499060462544,1.078210056523469,1.0782144352283867,2.115216572842504e-05,2.2733874723532228e-05,0.00018310135468118822,3,VALIDATED
1.1,2,0.1,1.097412814113078,1.0802716937942642,1.0802758115675648,2.0348945444627588e-05,2.1867611414238346e-05,0.00018326195065103762,3,VALIDATED
1.2000000000000002,2,0.1,1.097576754760228,1.0822471198196557,1.0822510450601768,1.964001726541713e-05,2.110314123738582e-05,0.00018339640357731946,3,VALIDATED
1.3,2,0.1,1.0977413448721465,1.0840949950345837,1.0840987734691163,1.9007635236004738e-05,2.0421214665388905e-05,0.0001835099830079282,3,VALIDATED
1.4,2,0.1,1.097906288698906,1.0857973305271804,1.0858009927959436,1.8438349433237186e-05,1.9807282372756035e-05,0.0001836065641226215,3,VALIDATED
1.5,2,0.1,1.0980713556693547,1.0873502471563046,1.0873538139309646,1.792189381679345e-05,1.9250196579160106e-05,0.00018368905977327358,3,VALIDATED
1.6,2,0.1,1.09823636663541,1.0887580322989103,1.0887615176781904,1.7450261872935003e-05,1.8741251769502703e-05,0.0001837597101871369,3,VALIDATED
1.7000000000000002,2,0.1,1.09840118384603,1.090029394103729,1.0900328078484252,1.701705194623912e-05,1.8273558669894782e-05,0.0001838202781280426,3,VALIDATED
1.8,2,0.1,1.0985657029592468,1.0911751474093296,1.0911784964102735,1.6617073418905582e-05,1.784156809576894e-05,0.00018387218112765632,3,VALIDATED
1.9000000000000001,2,0.1,1.0987298464716506,1.0922068174556194,1.09221010669904,1.6246079113896573e-05,1.7440737678085987e-05,0.00018391658176557143,3,VALIDATED
2.0,2,0.1,1.0988935583371822,1.0931358257157069,1.0931390589238934,1.590057818052325e-05,1.7067328474856274e-05,0.00018395444994152732,3,VALIDATED
2.1,2,0.1,1.0990567995497493,1.0939730374223686,1.0939762174790866,1.5577678991885032e-05,1.6718243164802413e-05,0.00018398660640423918,3,VALIDATED
2.2,2,0.1,1.0992195444870765,1.0947285310422439,1.0947316602714703,1.5274943653452125e-05,1.6390886338407465e-05,0.00018401375369086147,3,VALIDATED
2.3,2,0.1,1.0993817779053494,1.095411503377798,1.0954145837247091,1.499028953912738e-05,1.6083046233875166e-05,0.00018403649856066307,3,VALIDATED
2.4000000000000004,2,0.1,1.0995434925381022,1.0960302563615265,1.0960332895128082,1.4721928958764947e-05,1.5792827468770533e-05,0.00018405536863916005,3,VALIDATED
2.5,2,0.1,1.0997046872013785,1.0965922294129011,1.0965952168778212,1.4468319891144909e-05,1.5518601728272575e-05,0.0001840708250731745,3,VALIDATED
2.6,2,0.1,1.0998653652810237,1.097104054898774,1.097106998062153,1.4228121915741659e-05,1.525895208898642e-05,0.00018408327239971949,3,VALIDATED
2.7,2,0.1,1.1000255335452016,1.0975716248438163,1.0975745250010478,1.4000165172819146e-05,1.5012637109978821e-05,0.0001840930664296427,3,VALIDATED
2.8000000000000003,2,0.1,1.1001852012240905,1.0980001608820866,1.0980030192627306,1.3783423247941521e-05,1.4778567163772967e-05,0.00018410052068895802,3,VALIDATED
2.9000000000000004,2,0.1,1.1003443792869758,1.0983942824933974,1.0983971002763038,1.35769872765596e-05,1.4555779884421854e-05,0.00018410591178239075,3,VALIDATED
3.0,2,0.1,1.1005030798833606,1.0987580713614222,1.0987608496838515,1.3380048661077886e-05,1.4343415085312501e-05,0.0001841094839321599,3,VALIDATED
3.1,2,0.1,1.1006613158958005,1.0990951307644548,1.0990978707271608,1.3191881338429157e-05,1.4140698301844844e-05,0.00018411145286922404,3,VALIDATED
3.2,2,0.1,1.1008191006194579,1.0994086400965384,1.0994113427676473,1.3011834282257873e-05,1.3946935453763333e-05,0.00018411200920064174,3,VALIDATED
3.3000000000000003,2,0.1,1.100976447521797,1.0997014038100632,1.0997040702280174,1.2839325255318732e-05,1.3761502112084188e-05,0.00018411132134668268,3,VALIDATED
3.4000000000000004,2,0.1,1.1011333700675026,1.0999758949964475,1.0999785261718875,1.2673833543223807e-05,1.3583832161284463e-05,0.00018410953811556194,3,VALIDATED
3.5,2,0.1,1.1012898815878618,1.1002342940282925,1.1002368909448683,1.2514888486437103e-05,1.3413410499418806e-05,0.00018410679097014595,3,VALIDATED
3.6,2,0.1,1.1014459951858855,1.100478522903544,1.1004810865182,1.236206108021378e-05,1.3249768312534709e-05,0.00018410319602733607,3,VALIDATED
3.7,2,0.1,1.1016017238064348,1.1007102764198828,1.1007128076628179,1.2214961591537838e-05,1.3092477211924564e-05,0.00018409885582626015,3,VALIDATED
3.8000000000000003,2,0.1,1.1017570801856482,1.1009310488185078,1.1009335485935248,1.2073235960551651e-05,1.2941144068654308e-05,0.00018409386089270708,3,VALIDATED
3.9000000000000004,2,0.1,1.1019120761688932,1.10114215549035,1.101144624675857,1.1936559937159116e-05,1.2795408373856412e-05,0.0001840882911243842,3,VALIDATED
4.0,2,0.1,1.1020667232040833,1.1013447554635538,1.101347194912067,1.1804635313718658e-05,1.2654939810729493e-05,0.00018408221701827235,3,VALIDATED
4.1,2,0.1,1.102221032333185,1.101539870065143,1.101542280603532,1.167718795950695e-05,1.2519435490468541e-05,0.00018407570075877256,3,VALIDATED
4.2,2,0.1,1.1023750141876374,1.1017283991516085,1.1017307815812636,1.1553964638228492e-05,1.2388615867703949e-05,0.00018406879718065549,3,VALIDATED
4.300000000000001,2,0.1,1.1025286789883182,1.1019111354260152,1.1019134905229524,1.1434731447954434e-05,1.2262221025682071e-05,0.00018406155462281264,3,VALIDATED
4.4,2,0.1,1.1026820365500978,1.102088777103681,1.1020911056187503,1.1319272366942572e-05,1.2140008653081624e-05,0.00018405401568389885,3,VALIDATED
4.5,2,0.1,1.1028350962901212,1.1022619390956687,1.1022642417548483,1.1207387555580807e-05,1.2021752833536573e-05,0.00018404621789202405,3,VALIDATED
4.6000000000000005,2,0.1,1.1029878672391153,1.1024311628849492,1.1024334403898066,1.1098891809475674e-05,1.1907243301335743e-05,0.00018403819429597411,3,VALIDATED
4.7,2,0.1,1.1031403580552215,1.1025969252497285,1.1025991782779845,1.099361343671358e-05,1.179628472871433e-05,0.00018402997399019896,3,VALIDATED
4.8,2,0.1,1.1032925770387292,1.1027596459352522,1.1027618751414234,1.0891392807618114e-05,1.1688695739590177e-05,0.00018402158257808563,3,VALIDATED
4.9,2,0.1,1.103444532146863,1.102919694407418,1.1029219004234538,1.0792081209587001e-05,1.1584307567477036e-05,0.00018401304258207585,3,VALIDATED
5.0,2,0.1,1.1035962310080478,1.1030773957994422,1.103079579235329,1.0695540031363488e-05,1.148296241118441e-05,0.0001840043738060888,3,VALIDATED
5.5,3,0.5,1.104349073246315,1.1038310377527947,1.1038331205360643,1.0267977447290557e-05,1.1036171849505294e-05,0.00018395927190470053,3,VALIDATED
6.0,3,0.5,1.1050969240808552,1.1045643136065908,1.104566306766393,9.886854527320386e-06,1.0639274394625144e-05,0.00018391326304091738,3,VALIDATED
6.5,3,0.5,1.105840336834552,1.1052856181899455,1.1052875310945218,9.544626474241258e-06,1.0283629881598475e-05,0.00018386684059736296,3,VALIDATED
7.0,3,0.5,1.10657977805647,1.1059998608955508,1.1060017015213068,9.235325222496009e-06,9.962490207181888e-06,0.0001838202854727311,3,VALIDATED
7.5,3,0.5,1.1073156443386787,1.1067098949995138,1.1067116701752993,8.95418200735342e-06,9.670535284220236e-06,0.00018377375334584323,3,VALIDATED
8.0,3,0.5,1.1080482753555858,1.1074173628506332,1.1074190784553974,8.697327347650278e-06,9.40350961234025e-06,0.0001837273267343041,3,VALIDATED
8.5,3,0.5,1.1087779640998856,1.1081231979012083,1.1081248590245876,8.461583732344997e-06,9.157967349634088e-06,0.00018368104590727775,3,VALIDATED
9.0,3,0.5,1.1095049649840512,1.1088279218878416,1.1088295329607558,8.244316833743765e-06,8.931084950205507e-06,0.00018363492714235989,3,VALIDATED
9.5,3,0.5,1.1102295003513927,1.1095318203306717,1.1095333852325433,8.04332532957283e-06,8.720530522334887e-06,0.00018358897343318,3,VALIDATED
10.0,3,0.5,1.1109517657051875,1.110235045137468,1.1102365672837298,7.856752226441297e-06,8.524363555734828e-06,0.00018354318071496224,3,VALIDATED
10.5,3,0.5,1.111671933932589,1.1109376741983574,1.1109391566120252,7.683018365503528e-06,8.340956472064496e-06,0.00018349754143835275,3,VALIDATED
11.0,3,0.5,1.1123901587112712,1.1116397454492664,1.111641190819171,7.520767475778391e-06,8.168933144976502e-06,0.00018345204658651984,3,VALIDATED
11.5,3,0.5,1.1131065772920157,1.1123412762531837,1.1123426869818749,7.3688263837204635e-06,8.007121227582551e-06,0.00018340668678391197,3,VALIDATED
12.0,3,0.5,1.1138213127990817,1.1130422742670727,1.113043652510602,7.2261746580316084e-06,7.854515722897953e-06,0.00018336145287974705,3,VALIDATED
12.5,3,0.5,1.1145344761471674,1.1137427433631255,1.1137440910643188,7.091920810072212e-06,7.710250014073853e-06,0.00018331633623235762,3,VALIDATED
13.0,3,0.5,1.1152461676388847,1.1144426866398476,1.114444005556079,6.965283181434138e-06,7.5735708113951924e-06,0.00018327132882676417,3,VALIDATED
13.5,3,0.5,1.1159564783260112,1.1151421080108523,1.1151433997377587,6.845574165010449e-06,7.443822050556138e-06,0.00018322642330030568,3,VALIDATED
14.0,3,0.5,1.1166654911558243,1.1158410127714127,1.1158422787628843,6.732186767097237e-06,7.320428539212623e-06,0.00018318161292190513,3,VALIDATED
14.5,3,0.5,1.117373281935726,1.1165394076583106,1.1165406492433265,6.624583066288439e-06,7.2028821929380025e-06,0.00018313689154849335,3,VALIDATED
15.0,3,0.5,1.1180799201619989,1.117237300784208,1.1172385191813174,6.52228517253169e-06,7.090732518530466e-06,0.00018309225357373107,3,VALIDATED
15.5,3,0.5,1.1187854697327189,1.1179347014599987,1.1179358977897673,6.424867305751355e-06,6.98357852332314e-06,0.0001830476938750866,3,VALIDATED
16.0,3,0.5,1.1194899895597243,1.1186316199577526,1.1186327952534498,6.331949091259735e-06,6.881061313758363e-06,0.00018300320776368733,3,VALIDATED
16.5,3,0.5,1.1201935340962608,1.119328067278522,1.1193292224953522,6.243189447354691e-06,6.78285841198222e-06,0.00018295879093814177,3,VALIDATED
17.0,3,0.5,1.1208961537933033,1.1200240549391325,1.1200251909622037,6.158281698882066e-06,6.688678604755297e-06,0.00018291443944329082,3,VALIDATED
17.5,3,0.5,1.1215978954980748,1.120719594804709,1.120720712456014,6.076949398921588e-06,6.598258036316767e-06,0.00018287014963384862,3,VALIDATED
18.0,3,0.5,1.122298802801586,1.1214146989368419,1.1214157989813178,5.998942704659929e-06,6.511356602286725e-06,0.00018282591814229373,3,VALIDATED
18.5,3,0.5,1.122998916345075,1.1221093794843928,1.1221104626353025,5.9240355727063825e-06,6.42775497619409e-06,0.00018278174185006475,3,VALIDATED
19.0,3,0.5,1.1236982740898498,1.1228036485879476,1.1228047155115841,5.852022883006196e-06,6.347252281705286e-06,0.00018273761786347247,3,VALIDATED
19.5,3,0.5,1.1243969115544572,1.123497518294362,1.1234985696142041,5.782717591248295e-06,6.2696642743487185e-06,0.0001826935434915574,3,VALIDATED
20.0,3,0.5,1.1250948620232994,1.1241910004829712,1.1241920367833331,5.715948758159003e-06,6.194821180049478e-06,0.00018264951622704723,3,VALIDATED
20.5,3,0.5,1.1257921567352156,1.1248841068393851,1.1248851286687251,5.651560267150406e-06,6.12256620438413e-06,0.0001826055337295331,2,VALIDATED
21.0,3,0.5,1.1264888250532017,1.125576848830981,1.1255778567048644,5.589409198582758e-06,6.0527544255103704e-06,0.00018256159381077226,2,VALIDATED
21.5,3,0.5,1.1271848946170353,1.1262692376910155,1.1262702320947855,5.5293644632448166e-06,5.985251793851486e-06,0.00018251769442090767,2,VALIDATED
22.0,3,0.5,1.1278803914804525,1.1269612844013286,1.1269622657925127,5.471305544983805e-06,5.919934100416932e-06,0.00018247383363722788,2,VALIDATED
22.5,3,0.5,1.1285753402355525,1.127652999687914,1.1276539684983904,5.415121476269239e-06,5.856686192860697e-06,0.00018243000965297216,2,VALIDATED
23.0,3,0.5,1.129269764125077,1.1283443940143378,1.128345350652303,5.360709795439505e-06,5.795401250487099e-06,0.00018238622076853479,2,VALIDATED
23.5,3,0.5,1.129963685142955,1.1290354775708125,1.1290364224225484,5.307975659760308e-06,5.7359799340110115e-06,0.00018234246538195416,2,VALIDATED
24.0,3,0.5,1.1306571241259606,1.129726260275542,1.129727193707015,5.256831181103107e-06,5.678329765982367e-06,0.0001822987419821466,2,VALIDATED
24.5,3,0.5,1.1313501008378806,1.130416751782165,1.1304176741404945,5.2071949247839465e-06,5.622364551007345e-06,0.00018225504914124943,2,VALIDATED
25.0,3,0.5,1.1320426340456808,1.1311069614799045,1.131107873094703,5.158991323005323e-06,5.568003763452719e-06,0.000182211385508962,2,VALIDATED
25.5,3,0.5,1.132734741588807,1.1317968984964923,1.1317977996810742,5.1121501175573936e-06,5.515172097633577e-06,0.0001821677498060434,2,VALIDATED
26.0,3,0.5,1.1334264404430465,1.1324865717065145,1.1324874627590154,5.066605908287331e-06,5.463799122900836e-06,0.00018212414081991007,2,VALIDATED
26.5,3,0.5,1.1341177467792583,1.133175989739739,1.133176870944142,5.0222977942671555e-06,5.413818887883314e-06,0.00018208055739924413,2,VALIDATED
27.0,3,0.5,1.1348086760165566,1.1338651609831556,1.1338660326102195,4.979168958890468e-06,5.3651694905473484e-06,0.0001820369984502797,2,VALIDATED
27.5,3,0.5,1.1354992428705775,1.134554093583125,1.1345549558912362,4.9371662657403295e-06,5.317792741624187e-06,0.00018199346293229854,2,VALIDATED
28.0,3,0.5,1.1361894613977785,1.1352427954505477,1.1352436486864905,4.89623993369867e-06,5.271633894208488e-06,0.000181949949854392,2,VALIDATED
28.5,3,0.5,1.1368793450363035,1.1359312742678835,1.1359321186675566,4.856343299311232e-06,5.2266413728233e-06,0.00018190645827206566,2,VALIDATED
29.0,3,0.5,1.1375689066438852,1.1366195374973702,1.1366203732864588,4.817432615958782e-06,5.18276653058045e-06,0.00018186298728445834,2,VALIDATED
29.5,3,0.5,1.1382581585330032,1.1373075923892877,1.1373084197838725,4.779466821558121e-06,5.139963472918162e-06,0.00018181953603099493,2,VALIDATED
30.0,3,0.5,1.1389471125034611,1.1379954459895978,1.1379962651967261,4.742407324912467e-06,5.098188882601894e-06,0.0001817761036894417,2,VALIDATED
30.5,3,0.5,1.139635779872354,1.138683105145749,1.138683916363958,4.706217802987263e-06,5.057401825824654e-06,0.00018173268947346933,2,VALIDATED
31.0,3,0.5,1.140324171501868,1.1393705765132776,1.1393713799330836,4.670864033620767e-06,5.017563587615512e-06,0.00018168929263027306,2,VALIDATED
31.5,3,0.5,1.1410122978250197,1.1400578665622165,1.1400586623665732,4.6363137417884544e-06,4.9786375186649615e-06,0.00018164591243837732,2,VALIDATED
32.0,3,0.5,1.1417001688696269,1.1407449815835875,1.1407457699482904,4.6025364574712595e-06,4.94058890223829e-06,0.00018160254820662652,2,VALIDATED
32.5,3,0.5,1.1423877942806528,1.1414319276961744,1.1414327087902705,4.569503397307512e-06,4.903384830557866e-06,0.00018155919927138767,2,VALIDATED
33.0,3,0.5,1.1430751833411061,1.1421187108533037,1.1421194848394391,4.537187345963057e-06,4.866994103033157e-06,0.00018151586499556155,2,VALIDATED
33.5,3,0.5,1.1437623449915661,1.1428053368492015,1.1428061038839838,4.505562552372534e-06,4.831387120687592e-06,0.00018147254476731848,2,VALIDATED
34.0,3,0.5,1.1444492878484789,1.1434918113254784,1.1434925715597797,4.474604637251272e-06,4.796535792716209e-06,0.0001814292379981056,2,VALIDATED
34.5,3,0.5,1.1451360202213392,1.144178139777337,1.1441788933566024,4.444290508834225e-06,4.762413446883639e-06,0.00018138594412168575,2,VALIDATED
35.0,3,0.5,1.145822550128834,1.14486432755984,1.1448650746243734,4.414598282515882e-06,4.7289947554736105e-06,0.0001813426625929573,2,VALIDATED
35.5,3,0.5,1.146508885313903,1.1455503798930575,1.145551120578272,4.385507200228193e-06,4.6962556477284974e-06,0.00018129939288669022,2,VALIDATED
36.0,3,0.5,1.147195033257874,1.1462363018671342,1.146237036303822,4.356997565209033e-06,4.664173227788002e-06,0.0001812561344966184,2,VALIDATED
36.5,3,0.5,1.1478810011937794,1.1469220984478194,1.146922826762361,4.329050677786868e-06,4.632725716813049e-06,0.00018121288693419643,2,VALIDATED
37.0,3,0.5,1.1485667961189157,1.1476077744817859,1.1476084967963802,4.301648776277693e-06,4.601892398271103e-06,0.0001811696497279173,2,VALIDATED
37.5,3,0.5,1.1492524248066915,1.1482933347014945,1.1482940511343758,4.2747749703385775e-06,4.571653569814552e-06,0.0001811264224223616,2,VALIDATED
38.0,3,0.5,1.1499378938177036,1.1489787837293115,1.1489794943949239,4.248413184983729e-06,4.5419904787195234e-06,0.0001810832045774501,2,VALIDATED
38.5,3,0.5,1.150623209510161,1.1496641260818659,1.1496648310910549,4.2225481096792736e-06,4.512885275220085e-06,0.00018103999576716504,2,VALIDATED
39.0,3,0.5,1.1513083780496607,1.1503493661737543,1.1503500656339434,4.197165146452974e-06,4.48432095951163e-06,0.0001809967955797673,2,VALIDATED
39.5,3,0.5,1.1519934054183867,1.1510345083212596,1.1510352023366057,4.172250364439526e-06,4.456281335797755e-06,0.00018095360361630337,2,VALIDATED
40.0,3,0.5,1.152678297423755,1.1517195567459837,1.1517202454175215,4.14779045979761e-06,4.428750968747962e-06,0.00018091041949019792,2,VALIDATED
40.5,3,0.5,1.1533630597065911,1.1524045155783618,1.1524051990041564,4.12377272138027e-06,4.401715141561009e-06,0.0001808672428267223,2,VALIDATED
41.0,3,0.5,1.1540476977488536,1.1530893888612057,1.1530900671364834,4.100184998001509e-06,4.375159819179202e-06,0.00018082407326259144,2,VALIDATED
41.5,3,0.5,1.1547322168809695,1.153774180553207,1.1537748537704893,4.07701567020566e-06,4.349071615321832e-06,0.00018078091044500014,2,VALIDATED
42.0,3,0.5,1.155416622288725,1.1544588945318448,1.1544595627810605,4.0542536220400706e-06,4.323437749100279e-06,0.00018073775403138476,2,VALIDATED
42.5,3,0.5,1.1561009190197857,1.1551435345964556,1.1551441979650587,4.031888218019894e-06,4.298246011315372e-06,0.00018069460368911434,2,VALIDATED
43.0,3,0.5,1.1567851119899242,1.155828104471441,1.1558287630445225,4.00990928355541e-06,4.273484736641362e-06,0.00018065145909453966,2,VALIDATED
43.5,3,0.5,1.1574692059889053,1.1565126078090178,1.156513261669403,3.988307078756233e-06,4.249142774370347e-06,0.00018060831993315144,2,VALIDATED
44.0,3,0.5,1.1581532056860102,1.1571970481917369,1.1571976974200837,3.967072275404017e-06,4.225209458611012e-06,0.00018056518589859994,2,VALIDATED
44.5,3,0.5,1.1588371156353097,1.1578814291349722,1.1578820738098665,3.946195937237538e-06,4.201674580628185e-06,0.00018052205669293167,2,VALIDATED
45.0,3,0.5,1.1595209402805857,1.1585657540890535,1.1585663942870839,3.925669497833776e-06,4.178528359854257e-06,0.00018047893202582805,2,VALIDATED
45.5,3,0.5,1.1602046839599383,1.159250026441054,1.1592506622369076,3.905484736706553e-06,4.1557614155638186e-06,0.00018043581161399173,2,VALIDATED
46.0,3,0.5,1.1608883509101369,1.1599342495166642,1.1599348809831975,3.885633759987331e-06,4.133364742889475e-06,0.00018039269518167414,2,VALIDATED
46.5,3,0.5,1.1615719452707014,1.1606184265820187,1.160619053790324,3.866108982187529e-06,4.111329691308562e-06,0.00018034958245950568,2,VALIDATED
47.0,3,0.5,1.1622554710877795,1.1613025608454202,1.1613031838648968,3.846903109337704e-06,4.089647943923488e-06,0.0001803064731848146,2,VALIDATED
47.5,3,0.5,1.1629389323178163,1.161986655459251,1.161987274357673,3.828009126035166e-06,4.068311502274768e-06,0.0001802633671010091,2,VALIDATED
48.0,3,0.5,1.1636223328310606,1.1626707135218683,1.1626713283654393,3.8094202823639108e-06,4.0473126722879145e-06,0.00018022026395748424,2,VALIDATED
48.5,3,0.5,1.1643056764149353,1.1633547380794078,1.1633553489328292,3.7911300795717726e-06,4.026644053024958e-06,0.0001801771635093907,2,VALIDATED
49.0,3,0.5,1.1649889667772022,1.1640387321274428,1.1640393390539572,3.7731322555782187e-06,4.006298523841213e-06,0.00018013406551733289,2,VALIDATED
49.5,3,0.5,1.1656722075489805,1.1647226986124708,1.1647233016739302,3.755420771689418e-06,3.986269230859599e-06,0.00018009096974700196,2,VALIDATED
50.0,3,0.5,1.1663554022876197,1.1654066404335002,1.1654072396904038,3.7379898020040117e-06,3.966549574947661e-06,0.00018004787596961723,2,VALIDATED
52.0,4,2.0,1.1690876511908908,1.168142193713124,1.1681427785997083,3.6723989820536435e-06,3.892207709791191e-06,0.00017987552632908158,3,VALIDATED
54.0,4,2.0,1.1718195660343929,1.1708776962612595,1.1708782676053475,3.6106591327801423e-06,3.822108437063462e-06,0.00017970318328480535,2,VALIDATED
56.0,4,2.0,1.1745513309642928,1.1736132983388123,1.1736138569119783,3.552529741609423e-06,3.7559861152030387e-06,0.0001795308345545296,2,VALIDATED
58.0,4,2.0,1.1772831188757087,1.1763491461771,1.1763496926979244,3.4977820055880823e-06,3.693589333313548e-06,0.000179358469079575,2,VALIDATED
60.0,4,2.0,1.1800150925102486,1.1790853797565417,1.1790859148956097,3.446206755740415e-06,3.634690151239532e-06,0.00017918607656587112,2,VALIDATED
62.0,4,2.0,1.1827474054258287,1.1818221324859701,1.1818226568703214,3.397612845030826e-06,3.579081755737607e-06,0.0001790136473457347,2,VALIDATED
64.0,4,2.0,1.185480202823266,1.184559531467204,1.1845600456841436,3.3518246026069655e-06,3.5265753421570644e-06,0.00017884117230545647,2,VALIDATED
66.0,4,2.0,1.1882136222518018,1.1872976978687966,1.1872982024692038,3.3086797337995816e-06,3.4769973730436353e-06,0.0001786686428330642,2,VALIDATED
68.0,4,2.0,1.1909477942117408,1.190036747280796,1.1900372427819357,3.2680275598689457e-06,3.430187205149348e-06,0.00017849605077579215,2,VALIDATED
70.0,4,2.0,1.1936828426725303,1.192776790034973,1.1927772769229759,3.229727545117689e-06,3.385995175706997e-06,0.0001783233884047741,2,VALIDATED
72.0,4,2.0,1.1964188855214046,1.195517931491474,1.1955184102234881,3.1936480678105455e-06,3.3442810572442594e-06,0.00017815064838357295,2,VALIDATED
74.0,4,2.0,1.1991560340654714,1.1982602716953759,1.1982607427014862,3.1596654190091653e-06,3.3049128233609118e-06,0.00017797782383143998,2,VALIDATED
76.0,4,2.0,1.2018943851250823,1.2010038975291195,1.2010043612142496,3.1276630204664295e-06,3.2677657729234525e-06,0.0001778049087824024,2,VALIDATED
78.0,4,2.0,1.2046340342665856,1.203748892569085,1.2037493493143214,3.0975306687249296e-06,3.232721761230264e-06,0.00017763189719608265,2,VALIDATED
80.0,4,2.0,1.2073750784568749,1.2064953453962448,1.206495795560052,3.0691639530612525e-06,3.199668617022902e-06,0.00017745878313285248,2,VALIDATED
82.0,4,2.0,1.2101176101752051,1.2092433401314873,1.2092437840512174,3.0424638868288024e-06,3.1684997356080716e-06,0.00017728556089457805,2,VALIDATED
84.0,4,2.0,1.212861717652622,1.2119929571032437,1.2119933950963286,3.0173365378940405e-06,3.139113675936444e-06,0.00017711222504485061,2,VALIDATED
86.0,4,2.0,1.2156074850970024,1.2147442731404903,1.2147447055055753,2.9936927348926943e-06,3.1114138657301816e-06,0.00017693877040092707,2,VALIDATED
88.0,4,2.0,1.218354992904903,1.2174973617693092,1.217497788787276,2.971447825850475e-06,3.08530832784189e-06,0.00017676519202173332,2,VALIDATED
90.0,4,2.0,1.2211043178611656,1.2202522933821482,1.2202527153171294,2.9505214517525375e-06,3.060709435515259e-06,0.0001765914851953399,2,VALIDATED
92.0,4,2.0,1.223855533328085,1.2230091353968633,1.223009552497163,2.9308373493740347e-06,3.0375337036604224e-06,0.0001764176454262867,2,VALIDATED
94.0,4,2.0,1.2266087094251095,1.225767952408436,1.225768364907406,2.912323160160234e-06,3.015701613258322e-06,0.00017624366842470193,2,VALIDATED
96.0,4,2.0,1.229363913199947,1.228528806334157,1.2285292144510496,2.8949102522476935e-06,2.995137448015117e-06,0.00017606955009484896,2,VALIDATED
98.0,4,2.0,1.2321212087920062,1.2312917565536505,1.231292160494383,2.878533564006615e-06,2.975769146922993e-06,0.00017589528652465938,2,VALIDATED
100.0,4,2.0,1.2348806575886981,1.2340568600432689,1.2340572600011968,2.863131447767118e-06,2.957528169959541e-06,0.00017572087397611176,2,VALIDATED
102.0,4,2.0,1.2376423183750545,1.2368241715053419,1.2368245676619678,2.8486455210660978e-06,2.9403493726349393e-06,0.00017554630887511082,2,VALIDATED
104.0,4,2.0,1.240406247476917,1.2395937434921804,1.239594136017815,2.8350205268796163e-06,2.924170878160802e-06,0.00017537158780248516,2,VALIDATED
106.0,4,2.0,1.2431724988980137,1.242365626524944,1.242366015579386,2.8222041953024267e-06,2.9089339564558665e-06,0.0001751967074856416,2,VALIDATED
108.0,4,2.0,1.2459411244512741,1.245139869208017,1.2451402549411226,2.8101471098828647e-06,2.894582910552772e-06,0.00017502166478946876,2,VALIDATED
110.0,4,2.0,1.2487121740126823,1.247916521656332,1.2479169042085456,2.7988025642413114e-06,2.881064942786467e-06,0.0001748464634548233,3,VALIDATED
112.0,4,2.0,1.2514856957585194,1.250696038706561,1.2506964182000766,2.7881247509743236e-06,2.8683282247854723e-06,0.00017467120065971898,2,VALIDATED
114.0,4,2.0,1.25426173579056,1.2534785481324964,1.2534789246885039,2.7780725690576834e-06,2.856325994038857e-06,0.00017449579775233654,2,VALIDATED
116.0,4,2.0,1.257040339641276,1.2562636721176939,1.2562640458613339,2.768608959208958e-06,2.8450158529723123e-06,0.00017432022313089418,2,VALIDATED
118.0,4,2.0,1.2598215501779362,1.2590513663518352,1.2590517373934853,2.759696548596942e-06,2.8343551191644475e-06,0.0001741444690404358,2,VALIDATED
120.0,4,2.0,1.2626054085294967,1.2618416551923581,1.2618420236339476,2.7513002126503245e-06,2.824303583054849e-06,0.00017396853219292532,2,VALIDATED
122.0,4,2.0,1.2653919543602679,1.2646345745608594,1.2646349404975634,2.7433869986157946e-06,2.8148234224631358e-06,0.00017379241016632132,2,VALIDATED
124.0,4,2.0,1.2681812259949963,1.267430161491408,1.2674305250123035,2.7359259463641494e-06,2.805879014945186e-06,0.00017361610075680877,2,VALIDATED
126.0,4,2.0,1.2709732605118569,1.2702284523145873,1.2702288135030584,2.7288879533996027e-06,2.7974367993640356e-06,0.00017343960185861173,2,VALIDATED
128.0,4,2.0,1.2737680938258702,1.2730294823933934,1.2730298413274999,2.722245664977039e-06,2.789465161394619e-06,0.0001732629114387315,2,VALIDATED
130.0,4,2.0,1.2765657607670624,1.2758332861324566,1.2758336428852712,2.715973375616839e-06,2.7819343309794244e-06,0.00017308602752812093,2,VALIDATED
132.0,4,2.0,1.2793662951544318,1.2786398970327235,1.2786402516726458,2.7100469373722847e-06,2.7748162867126877e-06,0.00017290894821716033,2,VALIDATED
134.0,4,2.0,1.2821697298660162,1.2814493477513886,1.2814497003424417,2.704443673140746e-06,2.768084663478703e-06,0.00017273167165054375,2,VALIDATED
136.0,4,2.0,1.2849760969052817,1.2842616701602076,1.2842620207623099,2.699142294783059e-06,2.761714664831788e-06,0.00017255419602361306,2,VALIDATED
138.0,4,2.0,1.2877854274640477,1.2870768954010992,1.2870772440703249,2.6941228248174444e-06,2.755682979244583e-06,0.0001723765195784071,2,VALIDATED
140.0,4,2.0,1.2905977519820546,1.2898950539388454,1.289895400727696,2.689366522197213e-06,2.749967698504909e-06,0.00017219864059979061,2,VALIDATED
142.0,4,2.0,1.2934131002033133,1.2927161756111305,1.2927165205687248,2.684855810732321e-06,2.744548240572395e-06,0.00017202055741190528,2,VALIDATED
144.0,4,2.0,1.29623150122945,1.2955402896758137,1.2955406328481354,2.680574211194775e-06,2.7394052755378966e-06,0.0001718422683752932,2,VALIDATED
146.0,4,2.0,1.2990529789866165,1.2983674214312253,1.2983677628613888,2.6765062929761107e-06,2.7345206717278837e-06,0.00017166377231529447,2,VALIDATED
148.0,4,2.0,1.3018773981273064,1.3011974457876232,1.3011977855195114,2.6726382685826455e-06,2.729878130882698e-06,0.00017148507866006197,2,VALIDATED
150.0,4,2.0,1.3047046925660655,1.304030275433883,1.3040306135080226,2.6689567546296866e-06,2.72546186048629e-06,0.0001713061902743737,2,VALIDATED
152.0,4,2.0,1.3075348870439316,1.3068659436946526,1.3068662801463866,2.6654486712751087e-06,2.7212564665076827e-06,0.0001711271063729458,2,VALIDATED
154.0,4,2.0,1.3103680058720673,1.3097044767071249,1.3097048115696872,2.6621020287990837e-06,2.717247789433197e-06,0.0001709478256899323,2,VALIDATED
156.0,4,2.0,1.31320407295338,1.3125458990397765,1.3125462323443295,2.6589056432510423e-06,2.7134225954502442e-06,0.00017076834690636452,2,VALIDATED
158.0,4,2.0,1.31604311181595,1.3153902347270938,1.3153905665028158,2.655849060660368e-06,2.709768494358504e-06,0.0001705886687114718,2,VALIDATED
160.0,4,2.0,1.318885145646722,1.318237507460291,1.318237837734534,2.6529225053277372e-06,2.706273881746027e-06,0.00017040878981079745,2,VALIDATED
162.0,4,2.0,1.321730197323499,1.3210877406411579,1.3210880694395528,2.6501168340340623e-06,2.702927888677154e-06,0.000170228708924862,2,VALIDATED
164.0,4,2.0,1.3245782894451155,1.323940957413073,1.3239412847596572,2.6474234947751077e-06,2.6997203351949738e-06,0.00017004842478854574,2,VALIDATED
166.0,4,2.0,1.327429444359912,1.3267971806874246,1.3267975066047226,2.6448344905467734e-06,2.6966416870081564e-06,0.00016986793614891897,2,VALIDATED
168.0,4,2.0,1.3302836841925596,1.329656433167997,1.3296567576771476,2.6423423426569754e-06,2.6936830164360466e-06,0.0001696872417631142,2,VALIDATED
170.0,4,2.0,1.3331410308693912,1.3325187373740766,1.3325190604949064,2.6399400581074696e-06,2.6908359643754907e-06,0.00016950634039809154,2,VALIDATED
172.0,4,2.0,1.3360015061422394,1.3353841156621518,1.3353844374132693,2.637621098212015e-06,2.688092704036923e-06,0.0001693252308277865,2,VALIDATED
174.0,4,2.0,1.3388651316110114,1.3382525902466158,1.3382529106454821,2.6353793492297964e-06,2.685445909512344e-06,0.0001691439118329404,2,VALIDATED
176.0,4,2.0,1.3417319287449505,1.34112418321923,1.3411245022822524,2.633209095919547e-06,2.68288872248365e-06,0.00016896238219898637,2,VALIDATED
178.0,4,2.0,1.3446019189027474,1.343998916567686,1.3439992343102725,2.6311049955905837e-06,2.6804147243065817e-06,0.0001687806407153222,2,VALIDATED
180.0,4,2.0,1.3474751233515962,1.3468768121931531,1.3468771286297845,2.6290620549236388e-06,2.6780179077303494e-06,0.00016859868617398837,2,VALIDATED
182.0,4,2.0,1.3503515632850995,1.349757891926829,1.3497582070711156,2.6270756062832415e-06,2.6756926505377345e-06,0.00016841651736854024,2,VALIDATED
184.0,4,2.0,1.3532312598403282,1.3526421775457937,1.3526424914105395,2.625141287526572e-06,2.673433692443109e-06,0.00016823413309320612,2,VALIDATED
186.0,4,2.0,1.3561142341139236,1.3555296907880219,1.3555300033852697,2.623255022505346e-06,2.6712361113065575e-06,0.0001680515321420339,2,VALIDATED
188.0,4,2.0,1.3590005071773454,1.358420453366547,1.3584207647076316,2.6214130016251523e-06,2.6690953022415663e-06,0.0001678687133074507,2,VALIDATED
190.0,4,2.0,1.3618901000912862,1.361314486982922,1.3613147970785253,2.61961166392269e-06,2.6670069558487537e-06,0.00016768567538011746,2,VALIDATED
192.0,4,2.0,1.3647830339194054,1.3642118133402183,1.3642121222003933,2.6178476823347674e-06,2.664967041378345e-06,0.00016750241714753644,2,VALIDATED
194.0,4,2.0,1.3676793297413539,1.367112454155211,1.3671127617894439,2.6161179483560974e-06,2.662971787232339e-06,0.00016731893739404806,2,VALIDATED
196.0,4,2.0,1.3705790086651795,1.370016431170183,1.3700167375874084,2.6144195576947716e-06,2.661017666446702e-06,0.00016713523489861673,2,VALIDATED
198.0,4,2.0,1.373482091839081,1.3729237661639506,1.3729240713726119,2.612749796628248e-06,2.659101378749204e-06,0.00016695130843618266,2,VALIDATED
200.0,4,2.0,1.3763886004625734,1.3758344809625311,1.3758347849705863,2.6111061285521584e-06,2.6572198370164375e-06,0.00016676715677513106,2,VALIDATED
202.0,4,2.0,1.3792985557971718,1.3787485974492908,1.3787489002642632,2.6094861833553415e-06,2.6553701531550914e-06,0.0001665827786782874,2,VALIDATED
204.0,4,2.0,1.3822119791766132,1.381666137574785,1.3816664392037894,2.6078877466445983e-06,2.653549626595353e-06,0.00016639817290056946,2,VALIDATED
206.0,4,2.0,1.3851288920165878,1.384587123366095,1.3845874238158504,2.606308750085865e-06,2.6517557307334296e-06,0.0001662133381904041,2,VALIDATED
208.0,4,2.0,1.3880493158240017,1.387511576935629,1.3875118762124983,2.604747259716635e-06,2.649986101086268e-06,0.00016602827328733894,2,VALIDATED
210.0,4,2.0,1.390973272205911,1.390439520489852,1.390439818599855,2.60320146903567e-06,2.6482385257596397e-06,0.00016584297692281096,2,VALIDATED
212.0,4,2.0,1.3939007828780816,1.3933709763375692,1.3933712732864125,2.6016696893879814e-06,2.646510936937322e-06,0.0001656574478190983,2,VALIDATED
214.0,4,2.0,1.3968318696731912,1.3963059668978566,1.3963062626909468,2.600150342517438e-06,2.6448013991846995e-06,0.0001654716846890475,2,VALIDATED
216.0,4,2.0,1.3997665316021919,1.399244496146751,1.3992447907896626,2.5986420482004644e-06,2.6431082018936047e-06,0.00016528568814189285,2,VALIDATED
218.0,4,2.0,1.4027044307767325,1.402186227797803,1.4021865213039473,2.5971452130523027e-06,2.6414315535117657e-06,0.00016509947958303066,2,VALIDATED
220.0,4,2.0,1.4056455275333768,1.4051311090089071,1.4051314013849572,2.5956580264545615e-06,2.639769313562734e-06,0.00016491306080294692,2,VALIDATED
222.0,4,2.0,1.4085898401359085,1.4080791654394162,1.40807945668997,2.5941788351295745e-06,2.6381195268080056e-06,0.00016472643115020142,2,VALIDATED
224.0,4,2.0,1.4115373869606598,1.4110304168976835,1.4110307070272345,2.592706366837999e-06,2.636480653584726e-06,0.0001645395896008571,2,VALIDATED
226.0,4,2.0,1.4144881864869978,1.4139848825213608,1.4139851715342031,2.591239486286029e-06,2.6348513091543356e-06,0.000164352535077613,2,VALIDATED
228.0,4,2.0,1.4174422573020236,1.416942581456197,1.4169428693564359,2.5897771563076113e-06,2.633230221747796e-06,0.00016416526648902377,2,VALIDATED
230.0,4,2.0,1.4203996181065595,1.4199035329434422,1.4199038197349887,2.588318419277851e-06,2.6316162149877714e-06,0.00016397778273428436,2,VALIDATED
232.0,4,2.0,1.4233602877207707,1.4228677563349559,1.4228680420215647,2.5868623876733173e-06,2.6300081942554746e-06,0.00016379008270288973,2,VALIDATED
234.0,4,2.0,1.4263242850895699,1.4258352710996847,1.4258355556849367,2.5854082366508945e-06,2.628405140425561e-06,0.00016360216527484207,2,VALIDATED
236.0,4,2.0,1.4292916292877298,1.4288060968287495,1.4288063803160804,2.583955198000485e-06,2.6268061027522134e-06,0.00016341402932016028,2,VALIDATED
238.0,4,2.0,1.432262339524791,1.4317802532403614,1.4317805356330562,2.5825025549716654e-06,2.6252101938930708e-06,0.00016322567369885888,2,VALIDATED
240.0,4,2.0,1.435236435149873,1.434757760184625,1.4347580414858463,2.5810496403799997e-06,2.62361658504314e-06,0.0001630370972602098,2,VALIDATED
242.0,4,2.0,1.4382139356561767,1.4377386376479997,1.4377389178607773,2.5795958290746095e-06,2.6220245010410454e-06,0.00016284829884299294,2,VALIDATED
244.0,4,2.0,1.4411948606855172,1.4407229057579085,1.440723184885165,2.578140538546227e-06,2.620433216909818e-06,0.0001626592772748806,2,VALIDATED
246.0,4,2.0,1.444179230032676,1.4437105847871565,1.4437108628316828,2.5766832249659716e-06,2.61884205371654e-06,0.00016247003137253443,2,VALIDATED
248.0,4,2.0,1.4471670636496057,1.4467016951580716,1.4467019721225727,2.5752233777560874e-06,2.617250376210916e-06,0.00016228055994104977,2,VALIDATED
250.0,4,2.0,1.4501583816496484,1.4496962574469265,1.4496965333339942,2.5737605199229384e-06,2.6156575902168856e-06,0.00016209086177375223,2,VALIDATED
252.0,4,2.0,1.45315320431168,1.4526942923881316,1.4526945672002718,2.572294206535023e-06,2.614063139969888e-06,0.00016190093565227832,2,VALIDATED
254.0,4,2.0,1.4561515520840578,1.4556958208781425,1.4556960946177608,2.5708240191782983e-06,2.612466503288725e-06,0.00016171078034603233,2,VALIDATED
256.0,4,2.0,1.4591534455885635,1.4587008639795476,1.4587011366489764,2.5693495664651068e-06,2.6108671898200695e-06,0.00016152039461214148,2,VALIDATED
258.0,4,2.0,1.4621589056244486,1.4617094429252968,1.4617097145267857,2.567870482900895e-06,2.6092647418714805e-06,0.00016132977719499,2,VALIDATED
260.0,4,2.0,1.465167953172169,1.4647215791223558,1.4647218496580736,2.5663864234479437e-06,2.6076587289517637e-06,0.00016113892682626682,2,VALIDATED
262.0,4,2.0,1.4681806093973326,1.4677372941558853,1.467737563627931,2.564897066954267e-06,2.606048746934293e-06,0.00016094784222486558,2,VALIDATED
264.0,4,2.0,1.4711968956544363,1.470756609792973,1.4707568782033744,2.563402109600685e-06,2.604434417189828e-06,0.0001607565220963337,2,VALIDATED
266.0,4,2.0,1.474216833490724,1.473779547986684,1.473779815337399,2.5619012688609187e-06,2.6028153832586994e-06,0.00016056496513253954,2,VALIDATED
268.0,4,2.0,1.4772404446499199,1.4768061308798182,1.4768063971727539,2.5603942778323216e-06,2.6011913110259142e-06,0.00016037317001224582,2,VALIDATED
270.0,4,2.0,1.4802677510760054,1.4798363808087964,1.4798366460457857,2.558880885687631e-06,2.5995618859497947e-06,0.00016018113539974476,2,VALIDATED
272.0,4,2.0,1.4832987749169289,1.4828703203074793,1.4828705844903047,2.5573608574011858e-06,2.597926811143274e-06,0.00015998885994575752,2,VALIDATED
274.0,4,2.0,1.4863335385284262,1.4859079721111388,1.4859082352415263,2.555833970478198e-06,2.596285810020218e-06,0.0001597963422864625,2,VALIDATED
276.0,4,2.0,1.4893720644776414,1.4889493591600147,1.488949621239639,2.554300014096463e-06,2.59463861964636e-06,0.000159603581043557,2,VALIDATED
278.0,4,2.0,1.492414375547035,1.491994504603585,1.4919947656340657,2.5527587927719786e-06,2.592984992807731e-06,0.0001594105748241232,2,VALIDATED
280.0,4,2.0,1.495460494738115,1.4950434318041992,1.4950436917871073,2.5512101212728734e-06,2.5913246962868154e-06,0.00015921732222026814,2,VALIDATED
282.0,4,2.0,1.4985104452752236,1.4980961643410537,1.4980964232779128,2.549653824394615e-06,2.589657510412045e-06,0.0001590238218090175,2,VALIDATED
284.0,4,2.0,1.5015639530733438,1.5011526444551866,1.5011529023494463,2.5480901960184943e-06,2.5879837163602413e-06,0.00015883013543048323,2,VALIDATED
286.0,4,2.0,1.5046207544804477,1.5042126067279824,1.5042128635881147,2.5465204927338315e-06,2.586304619614323e-06,0.00015863625722784615,2,VALIDATED
288.0,4,2.0,1.507680868698015,1.5072758713594232,1.5072761271919848,2.5449448686158274e-06,2.584620356401882e-06,0.0001584421642446456,2,VALIDATED
290.0,4,2.0,1.5107443143775983,1.5103424346164953,1.5103426894238547,2.5433625382741858e-06,2.5829300732458416e-06,0.00015824785400326245,2,VALIDATED
292.0,4,2.0,1.5138111102378702,1.51341231348263,1.5134125672665892,2.541773063479919e-06,2.5812332856592067e-06,0.00015805332526701115,2,VALIDATED
294.0,4,2.0,1.5168812751486624,1.5164855271610294,1.5164857799232945,2.5401761602636002e-06,2.5795296714840092e-06,0.00015785857690782008,2,VALIDATED
296.0,4,2.0,1.5199548281446487,1.5195620952120754,1.5195623469542892,2.5385716135313306e-06,2.577818982062855e-06,0.00015766360779610714,2,VALIDATED
298.0,4,2.0,1.5230317884302536,1.52264203737499,1.5226422880987556,2.5369592444131712e-06,2.576101007124786e-06,0.00015746841679096187,2,VALIDATED
300.0,4,2.0,1.526112175383896,1.5257253735548781,1.5257256232617564,2.5353389001756316e-06,2.5743755643358182e-06,0.00015727300273903918,2,VALIDATED
302.0,4,2.0,1.529196008561027,1.52881212382348,1.5288123725149887,2.533710443792566e-06,2.572642488532524e-06,0.00015707736447392252,2,VALIDATED
304.0,4,2.0,1.5322833076972961,1.5319023084224368,1.531902556100067,2.5320737512225825e-06,2.570901629278159e-06,0.00015688150081619783,2,VALIDATED
306.0,4,2.0,1.535374092711555,1.5349959477664867,1.5349961944316886,2.5304287083081357e-06,2.569152848028838e-06,0.0001566854105732725,2,VALIDATED
308.0,4,2.0,1.5384683837088662,1.5380930624466527,1.538093308100836,2.528775209542569e-06,2.567396015977785e-06,0.00015648909253890658,2,VALIDATED
310.0,4,2.0,1.5415662009834732,1.5411936732333622,1.5411939178779142,2.527113156625976e-06,2.565631012750843e-06,0.00015629254549384577,2,VALIDATED
312.0,4,2.0,1.5446675650217274,1.5442978010796549,1.544298044715927,2.5254424578882247e-06,2.5638577252762094e-06,0.00015609576820473317,2,VALIDATED
314.0,4,2.0,1.5477724965050415,1.5474054671242874,1.5474057097536031,2.5237630262256036e-06,2.5620760471748996e-06,0.00015589875942462533,2,VALIDATED
316.0,4,2.0,1.5508810163128397,1.5505166926949168,1.5505169343185676,2.522074779155319e-06,2.5602858777800273e-06,0.00015570151789268913,2,VALIDATED
318.0,4,2.0,1.553993145525555,1.5536314993113096,1.553631739930555,2.520377638734151e-06,2.558487121907705e-06,0.00015550404233361176,2,VALIDATED
320.0,4,2.0,1.557108905427633,1.55674990868856,1.556750148304634,2.5186715312536384e-06,2.556679688850458e-06,0.00015530633145793276,2,VALIDATED
322.0,4,2.0,1.5602283175105383,1.5598719427402457,1.5598721813543546,2.5169563854977965e-06,2.554863491793545e-06,0.00015510838396192136,2,VALIDATED
324.0,4,2.0,1.5633514034758267,1.5629976235817717,1.5629978611950925,2.515232133719812e-06,2.5530384481118834e-06,0.00015491019852730716,2,VALIDATED
326.0,4,2.0,1.5664781852382252,1.5661269735335874,1.5661272101472707,2.5134987107025e-06,2.5512044782642965e-06,0.00015471177382073278,2,VALIDATED
328.0,4,2.0,1.5696086849287711,1.5692600151245293,1.5692602507396953,2.511756053401001e-06,2.549361505802801e-06,0.00015451310849408723,2,VALIDATED
330.0,4,2.0,1.5727429248979585,1.5723967710951547,1.5723970057129049,2.5100041007987493e-06,2.547509457165645e-06,0.0001543142011839555,2,VALIDATED
332.0,4,2.0,1.5758809277189876,1.5755372644012027,1.5755374980226036,2.50824279472027e-06,2.545648261283755e-06,0.0001541150505120146,2,VALIDATED
334.0,4,2.0,1.5790227161910226,1.5786815182169645,1.5786817508430648,2.506472077791758e-06,2.543777849762971e-06,0.00015391565508395067,2,VALIDATED
336.0,4,2.0,1.5821683133424804,1.581829555938821,1.5818297875706318,2.504691894880363e-06,2.541898156391727e-06,0.00015371601349054224,2,VALIDATED
338.0,4,2.0,1.5853177424344191,1.5849814011887224,1.5849816318272523,2.5029021923826824e-06,2.5400091165595303e-06,0.00015351612430565862,2,VALIDATED
340.0,4,2.0,1.588471026963928,1.588137077817824,1.5881373074640288,2.501102917846383e-06,2.538110667885115e-06,0.0001533159860880321,2,VALIDATED
342.0,4,2.0,1.5916281906676275,1.5912966099100523,1.5912968385648771,2.499294020026465e-06,2.536202749451128e-06,0.00015311559737997323,2,VALIDATED
344.0,4,2.0,1.5947892575251243,1.5944600217857818,1.5944602494501519,2.4974754485618015e-06,2.534285301644816e-06,0.0001529149567069012,2,VALIDATED
346.0,4,2.0,1.597954251762668,1.5976273380056254,1.5976275646804374,2.4956471546301853e-06,2.532358266649392e-06,0.00015271406257820588,2,VALIDATED
348.0,4,2.0,1.601122950173974,1.600798344002653,1.600798569694641,2.4938105649287957e-06,2.5304231527078414e-06,0.00015251292996481703,2,VALIDATED
350.0,4,2.0,1.6042949217955293,1.6039725946347512,1.6039728193564626,2.4919678257575597e-06,2.5284822290846332e-06,0.0001523115852892516,2,VALIDATED
352.0,4,2.0,1.6074701849869075,1.607150113800469,1.607150337553181,2.4901173042212566e-06,2.5265337601329434e-06,0.00015211002763106546,2,VALIDATED
354.0,4,2.0,1.6106487582772078,1.6103309208518204,1.610331143636843,2.488258516651327e-06,2.5245772420498057e-06,0.00015190825588939772,2,VALIDATED
356.0,4,2.0,1.6138306603565258,1.6135150348251701,1.6135152566437772,2.4863911986415577e-06,2.5226123956868073e-06,0.00015170626892477388,2,VALIDATED
358.0,4,2.0,1.6170159100814352,1.6167024748835173,1.6167026957369355,2.4845151719442145e-06,2.52063902951576e-06,0.0001515040655844245,2,VALIDATED
360.0,4,2.0,1.6202045264797835,1.6198932603544374,1.619893480243877,2.482630302791033e-06,2.5186569975168158e-06,0.00015130164470362022,2,VALIDATED
362.0,4,2.0,1.6233965287546273,1.623087410736028,1.6230876296626555,2.480736483088461e-06,2.5166661807589213e-06,0.00015109900510592924,2,VALIDATED
364.0,4,2.0,1.6265919362876349,1.626284945700238,1.626285163665194,2.478833622094396e-06,2.5146664786249964e-06,0.00015089614560225418,2,VALIDATED
366.0,4,2.0,1.629790768642264,1.6294858850959786,1.629486102100385,2.4769216419099734e-06,2.5126578030728817e-06,0.00015069306499151564,2,VALIDATED
368.0,4,2.0,1.6329930455667119,1.632690248951995,1.6326904649969345,2.475000471463927e-06,2.5106400749770208e-06,0.00015048976206003786,2,VALIDATED
370.0,4,2.0,1.6361987869968357,1.6358980574798374,1.635898272566384,2.473070047378221e-06,2.5086132219207214e-06,0.00015028623558148853,2,VALIDATED
372.0,4,2.0,1.639408013059007,1.6391093310768063,1.6391095452059936,2.471130310747273e-06,2.506577177390801e-06,0.00015008248431632075,2,VALIDATED
374.0,4,2.0,1.6426207440728775,1.642324090328676,1.6423243035015282,2.4691812051622334e-06,2.504531877845119e-06,0.0001498785070125468,2,VALIDATED
376.0,4,2.0,1.6458370005542722,1.6455423560127576,1.6455425682302638,2.4672226785370182e-06,2.5024772631053188e-06,0.0001496743024045429,2,VALIDATED
378.0,4,2.0,1.6490568032180137,1.6487641491007978,1.6487643603639335,2.465254680767451e-06,2.5004132770115053e-06,0.00014946986921331076,2,VALIDATED
380.0,4,2.0,1.652280172980806,1.6519894907619264,1.6519897010716416,2.4632771638951805e-06,2.498339865004619e-06,0.00014926520614686026,2,VALIDATED
382.0,4,2.0,1.6555071309641336,1.6552184023656538,1.6552186117228702,2.4612900822949156e-06,2.4962569741304284e-06,0.0001490603118988911,2,VALIDATED
384.0,4,2.0,1.6587376984972149,1.658450905484876,1.6584511138905067,2.45929339131717e-06,2.4941645540014676e-06,0.00014885518514962673,2,VALIDATED
386.0,4,2.0,1.661971897119926,1.6616870218989708,1.6616872293538967,2.4572870477801706e-06,2.4920625553305453e-06,0.0001486498245647874,2,VALIDATED
388.0,4,2.0,1.6652097485857946,1.6649267735967235,1.6649269801018085,2.4552710081260392e-06,2.4899509289753108e-06,0.0001484442287966425,2,VALIDATED
390.0,4,2.0,1.668451274865038,1.6681701827795927,1.6681703883356755,2.453245230600409e-06,2.487829627077117e-06,0.00014823839648233695,2,VALIDATED
392.0,4,2.0,1.6716964981476943,1.6714172718648608,1.6714174764727638,2.4512096738205917e-06,2.48569860315409e-06,0.0001480323262448798,2,VALIDATED
394.0,4,2.0,1.6749454408466622,1.6746680634887539,1.6746682671492694,2.449164295472522e-06,2.483557810701348e-06,0.00014782601669236073,2,VALIDATED
396.0,4,2.0,1.6781981256009606,1.6779225805097826,1.6779227832236918,2.447109054739732e-06,2.4814072035910444e-06,0.0001476194664177699,2,VALIDATED
398.0,4,2.0,1.6814545752789458,1.681180846012062,1.6811810477801201,2.445043911302077e-06,2.4792467360799993e-06,0.0001474126739991923,2,VALIDATED
400.0,4,2.0,1.684714812981651,1.684442883308765,1.684443084131699,2.4429688261123186e-06,2.477076363290652e-06,0.00014720563799928816,2,VALIDATED
402.0,4,2.0,1.6879788620461254,1.687708715945438,1.6877089158239653,2.4408837584687183e-06,2.4748960414852014e-06,0.00014699835696521283,2,VALIDATED
404.0,4,2.0,1.6912467460488287,1.690978367703536,1.6909785666383441,2.438788668489669e-06,2.472705726268328e-06,0.00014679082942806884,2,VALIDATED
406.0,4,2.0,1.6945184888091165,1.69425186260397,1.6942520605957325,2.4366835164870103e-06,2.4705053739000007e-06,0.00014658305390344596,2,VALIDATED
408.0,4,2.0,1.6977941143927593,1.6975292249106835,1.6975294219600465,2.434568263108867e-06,2.46829493980301e-06,0.00014637502889032396,2,VALIDATED
410.0,4,2.0,1.7010733827376097,1.700810221177342,1.7008104172913752,2.43244459172705e-06,2.466076204802968e-06,0.00014616677029689423,2,VALIDATED
412.0,4,2.0,1.7043557701939727,1.7040943174131675,1.7040945126065945,2.4303153757173376e-06,2.46385220611755e-06,0.000145958310779644,2,VALIDATED
414.0,4,2.0,1.7076412941245103,1.7073815346315844,1.707381728905562,2.4281785773738837e-06,2.461620786010884e-06,0.00014574964924701764,2,VALIDATED
416.0,4,2.0,1.7109299720366733,1.710671890827898,1.7106720841835754,2.426033598115307e-06,2.459381324723277e-06,0.00014554078463153842,2,VALIDATED
418.0,4,2.0,1.7142218215821097,1.7139654038529424,1.7139655962914262,2.4238801192690085e-06,2.4571334906856176e-06,0.00014533171584054324,2,VALIDATED
420.0,4,2.0,1.7175168605643725,1.7172620916916683,1.717262283214017,2.4217179308404177e-06,2.454877063680034e-06,0.00014512244176975175,2,VALIDATED
